x,y,z,pid,camid
-5.967124,-0.27678055,-6.3037367,556,4
8.603016,-5.549792,18.206554,540,6
12.425021,1.396321,4.8891788,558,7
5.470823,-11.365546,14.6930485,518,2
15.847293,-8.547612,11.877548,554,3
7.765967,1.4020554,-1.8930575,532,3
5.9893036,1.1041099,11.00677,600,8
15.159948,6.5339565,18.089718,580,3
4.3036,-3.8314588,-3.2846777,524,4
18.709747,-0.9206116,4.9052773,556,5
8.130027,-1.1028508,12.719021,600,4
8.063711,-3.0233257,8.329952,526,3
1.6960711,-6.9261107,6.68189,530,1
4.521495,6.5031657,14.176108,594,8
1.3386658,-12.260894,1.9750495,564,6
-5.1021476,5.0636387,10.510239,514,4
4.7729793,2.8672414,9.048558,580,4
-5.5673337,-10.003559,6.336971,542,7
10.843253,0.9688633,-1.5044882,530,6
17.788862,-6.8592796,3.8398821,594,1
4.8077044,-4.4620943,1.5321913,566,4
5.2652903,-10.606619,14.434964,518,5
3.8159604,13.606612,9.31071,556,3
7.9475718,-2.762812,-3.4748306,600,6
2.8758373,2.6365156,9.493586,582,2
5.3825793,0.97000515,11.625194,600,2
9.714923,-0.3563816,10.173111,518,1
1.1652498,-6.115291,1.2260787,526,1
1.7950794,-7.099158,6.677183,528,2
3.5108645,-1.2814667,2.8948812,582,6
0.91611,-7.5348167,14.559611,540,5
2.8826125,2.6315558,9.488966,582,2
13.797865,2.1381774,5.358932,558,4
-2.2826064,-5.3070354,-1.063145,524,3
4.1081066,10.458242,6.4886875,566,8
1.8540845,-1.2450932,12.181202,596,6
-1.7586955,-5.0623393,-1.1418774,554,8
6.298278,8.3969345,-4.685882,532,8
7.7833047,4.5988584,10.006236,540,4
15.160785,6.5329285,18.090405,580,3
1.6156138,-0.12202073,5.698984,514,3
17.594336,-2.1815517,5.3361053,594,2
-4.9550776,5.804841,4.6368265,582,4
-5.477374,3.922525,-0.0244509,572,7
11.711825,-2.8128798,-6.5797596,554,2
4.759593,2.6546478,9.244751,570,4
8.603024,-5.549767,18.206549,540,6
6.628788,16.0377,4.824993,594,3
1.4199034,4.92342,5.425155,514,2
5.8429117,8.176826,-4.2479887,566,3
12.893531,0.17501715,-7.0285754,596,4
4.652198,-3.6990461,4.1548343,502,4
4.3148184,-1.495141,2.2504852,516,5
9.202868,-7.243165,9.05431,540,2
7.754267,1.3913406,-1.9038287,532,3
10.236792,0.48562303,10.166784,510,7
4.1026506,-6.041223,8.357374,506,8
10.26456,7.178312,16.725925,560,8
1.5569693,-0.20846571,-0.6001201,508,6
17.140295,2.7415266,1.3245322,520,4
2.0818222,-1.2593523,-0.31141067,508,2
-2.6582215,-0.8019441,8.251104,506,1
11.9581785,-9.28019,1.477602,504,7
8.146712,-3.9597044,9.119975,512,5
8.039179,-1.6383419,6.7100706,588,6
16.472635,7.6307745,8.404253,578,5
-1.1740206,0.3837092,4.9703503,562,3
11.094735,7.11782,-4.5575914,578,1
9.959044,-10.241093,8.194265,504,3
12.773071,1.8828641,3.7118456,584,1
11.646457,-7.0563874,9.497461,522,8
6.9940243,8.430642,8.350687,544,5
-0.61735594,13.166326,-1.333985,560,7
7.691565,-12.505263,1.5021205,520,2
8.1197,-7.9313383,12.275639,584,5
15.808455,1.7748252,1.9058973,520,7
13.367259,0.71250814,17.369198,546,7
7.3627357,0.4051503,10.498818,550,5
9.984528,1.635309,-1.195567,538,2
15.220878,1.2752736,7.4977217,552,2
5.5892596,-1.069051,2.1924589,508,1
1.7752928,5.698641,5.148638,590,1
7.5864525,-3.080702,-3.876167,550,8
7.974518,-1.3188558,8.199494,588,4
10.231071,0.8148687,9.334867,510,4
11.274228,1.1398473,-1.8999759,586,7
6.339598,-0.001575549,10.525832,536,1
7.0735006,-4.667953,-7.0784082,590,8
-5.6415157,0.2733744,-2.4581122,592,3
2.9833162,3.9800541,15.378432,588,1
11.116051,7.759973,5.290273,576,1
8.942094,11.292707,10.063443,590,4
12.988974,2.1409988,5.35208,586,6
-0.102331415,7.178411,15.381038,578,6
11.583954,2.4258797,-8.81056,506,7
8.404403,-1.0189289,7.2906837,588,8
7.8014765,4.339205,9.0738945,576,6
3.2580004,2.6724656,9.343838,522,2
7.7966185,-10.16618,-2.680603,546,8
10.959709,-3.6941965,2.5962691,588,2
16.206713,3.1148703,1.7828183,520,5
10.66307,7.1297274,9.578762,534,1
-5.778879,5.7560463,10.036186,578,4
2.905371,14.827032,9.962355,548,3
17.647259,3.9047413,16.378748,552,8
6.441782,0.4465256,16.479923,538,8
3.168746,9.703733,6.8635364,534,5
10.264969,7.1783295,16.725853,560,8
12.099557,-7.510958,6.707777,504,6
8.013128,-1.6274135,6.7411013,588,7
8.272551,-7.3474927,5.0671825,592,5
3.1513941,9.679415,6.888197,534,5
13.609826,0.83877945,16.947205,546,4
17.65189,3.9001677,16.374075,552,8
1.4553695,-6.1684527,0.8969524,590,2
16.473248,7.6306553,8.405162,578,5
2.639188,6.583142,-0.84707135,584,6
6.262329,-1.071017,2.1490426,548,2
14.619293,1.5705588,6.427717,586,5
7.9796824,4.962203,8.762148,576,2
13.105876,9.659856,9.398723,508,3
-1.7480924,2.3227887,13.251846,510,2
11.00017,-3.689676,2.545585,588,2
2.3662467,9.062831,7.4384828,544,8
7.7281184,4.30017,9.614051,522,5
16.4379,-5.4925847,-1.2729158,534,7
15.851831,11.858383,6.998067,584,8
1.5378503,1.1911051,-4.477537,548,1
7.6625266,4.2082114,9.201967,534,6
12.590027,9.417192,-2.6289144,522,4
6.7817073,-0.1645424,10.786806,536,5
15.229595,1.2493974,7.5097456,552,2
7.0734963,-4.6678457,-7.0785136,590,8
8.038538,3.8111749,9.080578,534,2
12.591498,9.418884,-2.6273413,522,4
7.3548546,0.43521002,10.518311,550,5
5.6178966,-1.0928993,2.1974387,508,1
7.3937936,3.635737,8.702471,576,4
-5.269356,9.508536,3.6203876,560,6
1.2990181,-2.953462,20.985214,578,7
5.134805,1.8173814,9.9901495,550,1
8.592166,4.0172396,-0.71937925,562,5
6.9939065,8.430561,8.350681,544,5
9.105167,-6.972278,9.170954,578,2
6.76756,6.6623387,-1.3914735,574,2
15.852345,11.858894,6.997621,584,8
-0.08849182,7.1804714,15.389827,578,6
2.8422282,7.3116984,-1.3422585,508,4
8.942078,11.2927265,10.063533,590,4
4.1478577,1.8652263,12.574614,510,6
16.128935,2.0679615,1.5613455,520,1
16.709425,2.5855727,1.471598,520,8
16.59112,-5.638039,-1.4288406,534,4
2.5950296,11.274442,7.592529,522,6
2.1013145,-8.971262,-7.4506803,576,7
9.285443,1.3534015,9.493929,536,2
7.7276797,-0.4480629,-6.435457,538,1
13.589353,0.82032603,16.972027,546,4
-5.552696,4.0974193,-0.57318676,534,8
21.168186,1.2935939,10.248427,544,7
-3.282343,-8.790133,-0.30324098,552,5
-5.8852463,-8.573011,3.2546017,542,5
12.423889,1.3944861,4.880921,558,7
1.3088009,-7.7071176,7.153026,528,5
-5.9671197,-0.27683365,-6.303793,556,4
1.597353,-7.344656,7.027966,528,1
-1.6376182,-2.0836022,-9.137727,564,4
10.655367,9.6802,-4.1405067,558,3
1.7195557,-15.049725,6.369034,556,8
17.59673,-2.1806145,5.3336244,594,2
10.556353,1.73879,-5.3071227,558,6
11.710276,-2.8118353,-6.578315,554,2
8.066897,-3.008879,8.322997,526,3
1.8027755,2.3536158,-3.3835952,532,2
4.786239,2.8724098,9.04308,580,4
-1.5640173,3.409199,-1.5323348,570,7
7.227334,-3.420836,-4.2895355,568,6
4.5241356,6.507809,14.178379,594,8
7.8074536,4.906161,-4.78847,556,6
8.626374,-2.8301628,-2.8959184,600,3
-4.49394,10.265384,8.509032,502,2
-3.2989473,-1.5313362,-2.8039467,572,8
1.2400591,-12.343443,2.0733685,564,7
5.263342,-10.607064,14.433729,518,5
-4.2629375,9.929162,8.206173,502,7
6.1226687,-5.2352896,-3.5234451,580,8
9.712324,-0.35835987,10.172373,518,1
7.7828712,9.509803,6.935777,502,3
3.8156633,13.609575,9.310988,556,3
1.7937781,5.5161138,5.4965377,524,2
1.155927,-6.1185646,1.235421,526,1
-0.12280635,9.487832,0.6737795,526,5
-4.424247,5.4195776,4.560715,524,6
5.968405,3.0357344,-10.810176,540,8
1.7829303,-6.3091784,6.5451074,530,2
0.9211316,1.9148762,-3.921204,532,1
7.7990775,4.6108093,10.0190935,540,4
6.27058,8.372958,-4.6586385,532,8
4.494915,-2.3671434,3.2272983,554,5
9.593695,-7.89779,8.762605,558,8
-6.5639715,1.1266557,14.723204,598,2
2.394499,6.4924183,6.1196547,568,1
1.5982218,-0.13990685,5.7158546,514,3
1.7900703,-3.3071294,20.339773,514,7
0.11289566,-10.2376175,12.707957,502,5
8.138347,11.731148,15.193995,540,3
1.81594,2.3640082,-3.3707988,532,2
6.0196824,-3.5033572,-4.348032,564,5
1.4223806,4.9277697,5.425486,514,2
5.501012,1.4662285,10.215419,600,1
10.673672,-3.7950823,2.9706168,572,2
7.2150364,3.2499793,9.746991,572,6
3.2286956,9.324361,-6.650011,598,7
5.7331204,-4.1329393,-3.565466,580,6
19.25676,-1.2948192,-1.2573054,570,5
-3.2817407,-8.789526,-0.3032347,552,5
-3.0500007,-2.3086975,1.2884388,548,7
3.1633718,9.694721,6.8734565,534,5
13.5909195,0.82147413,16.969772,546,4
5.7020583,1.0383301,11.356237,550,2
9.257403,1.3909755,9.499394,536,2
6.828021,-3.536942,-4.816588,590,6
16.62842,-5.6741652,-1.4666175,534,4
16.195446,3.1262999,1.7908204,520,5
5.841945,13.332047,7.8207636,552,4
6.206528,-1.0414155,2.180004,548,2
11.521561,-2.8159907,1.5074046,574,8
8.942063,11.292696,10.063474,590,4
13.005025,2.1523528,5.361168,586,6
10.689143,-4.535988,3.2179706,592,7
8.400329,-1.0269688,7.274691,588,8
6.961503,8.913003,2.7462268,510,1
2.963054,3.999082,15.3983755,588,1
11.094621,7.779993,5.311112,576,1
5.272093,-5.3400674,5.326302,506,6
1.3120494,-2.9648728,20.9705,578,7
3.928934,-3.2099857,2.0774481,508,8
-5.2808547,9.520171,3.6318882,560,6
5.591345,-1.076359,2.1912982,508,1
14.940464,1.4225451,7.186597,552,6
8.91736,4.119136,-1.1901836,562,1
12.732076,-4.7533283,15.438471,578,3
5.1675124,1.7840548,10.015338,550,1
7.048943,10.643767,-4.6209884,504,8
6.7584004,-0.17479637,10.769694,536,5
12.587721,9.415212,-2.631012,522,4
7.655868,4.2113323,9.22833,534,6
7.6930947,-12.506249,1.5006499,520,2
5.7814384,-1.3018154,8.385047,588,5
6.852422,-7.030347,-8.944888,546,2
16.433779,-5.487654,-1.2687663,534,7
11.623785,-7.0289726,9.520746,522,8
6.99416,8.430835,8.351008,544,5
8.17213,-0.25995505,8.719425,550,7
2.5967326,11.269864,7.590545,522,6
13.126243,2.0043192,4.9816117,586,1
5.5070543,-1.3699565,9.693005,512,1
14.590731,1.5435623,6.4003196,586,5
13.548798,2.4943993,-1.5136129,506,4
16.472702,7.6317925,8.404469,578,5
11.537348,-2.8404765,1.5325824,574,8
1.4250071,-6.1949315,0.92848295,590,2
2.0723388,-1.2705094,-0.30420655,508,2
6.4452734,0.4650271,16.456867,538,8
-0.3082402,0.9585987,12.484089,574,4
9.455975,-4.7968764,-7.095759,584,7
2.099866,-8.960675,-7.4355283,576,7
1.5665224,-0.22085774,-0.5976069,508,6
19.255836,-1.2942795,-1.2567831,570,5
-1.9870558,3.5498292,-1.2600776,570,8
8.056181,-2.6895716,-3.368229,600,5
18.494247,-2.7590485,5.0361958,594,7
-1.6374068,-2.083566,-9.13766,564,4
6.6142373,16.024796,4.822107,594,3
2.3987455,6.4969254,6.123056,582,1
4.3503957,-1.9812111,9.355389,570,1
-9.334669,0.39211002,4.253533,568,5
17.82227,-2.0887167,5.1151752,594,6
1.6685574,-6.891224,6.6580076,530,1
2.1150215,-0.9669391,-0.47036406,566,6
4.7605233,2.7263753,9.178672,570,4
2.469895,-8.242618,6.7414937,530,5
1.5972466,-0.14012726,5.715041,514,3
1.720643,-15.053687,6.36722,556,8
-1.7602524,-5.0639467,-1.1417998,554,8
9.83861,-8.183208,8.934109,558,5
6.2991614,8.397164,-4.686939,532,8
4.8784757,-3.9278524,-3.4919355,524,7
0.955849,1.9473683,-3.8863316,532,1
-2.2512882,-5.2906084,-1.0696924,524,3
-3.236738,-0.45580578,0.13680886,554,1
2.1983964,-7.869019,6.84367,528,6
-0.12328197,9.490757,0.67440534,526,5
13.806085,2.1405401,5.363253,558,4
9.31778,-7.64372,8.809234,542,2
6.117009,-5.2268734,-3.5191011,580,8
3.8153584,13.609888,9.311161,556,3
0.9175495,-7.5361266,14.5604725,540,5
7.7749147,9.498466,6.951051,502,3
8.2176,8.824764,0.53074867,514,1
13.3863945,-2.297807,4.533842,580,5
0.7846603,-12.511028,2.534775,570,6
2.398906,6.5535407,-0.59484494,516,6
-3.2988238,-1.5313691,-2.8038974,572,8
-4.5015593,10.276534,8.518955,502,2
17.788887,-6.859219,3.8399289,594,1
6.293947,8.395993,-4.680885,532,8
18.44519,-3.0226398,5.146556,594,5
7.2071524,-3.4110813,-4.314714,568,6
4.788182,2.8912683,9.024839,580,4
-3.2678423,-0.47752276,0.15811884,554,1
1.7934849,2.345769,-3.389142,532,2
11.710856,-2.8120174,-6.578712,554,2
12.388133,-6.94771,6.593229,596,1
1.730877,-7.36683,7.3645706,530,8
17.968857,-0.8729489,8.81683,528,4
18.710333,-0.9193381,4.905491,556,5
6.7786345,-0.85284543,2.1182182,542,1
3.2285528,9.326721,-6.652333,598,7
-5.967111,-0.27681422,-6.3037753,556,4
1.3016549,-7.709225,7.1541605,528,5
5.85975,8.185668,-4.265291,566,3
1.4176537,4.919546,5.4243255,514,2
-1.6376563,-2.083719,-9.137972,564,4
6.029058,1.1251986,10.9538355,600,8
4.727467,-1.8987399,2.4951198,566,7
10.090333,0.026389971,10.114559,518,6
-1.9727898,3.5436566,-1.2727627,570,8
7.864418,-0.97370595,8.45078,580,2
5.4799275,-11.369193,14.7011,518,2
2.9961176,-3.588193,1.5572134,516,1
5.504245,1.4550999,10.209243,600,1
4.760691,2.6613302,9.235902,570,4
2.144635,-0.97519624,-0.46337304,566,6
-9.334867,0.3922321,4.2538133,568,5
11.926756,-0.45793796,10.656237,564,8
-6.5530195,1.1249417,14.726063,598,2
18.178436,-0.57408845,8.84149,518,3
1.7272127,-7.3668714,7.354075,530,8
-3.0741055,6.9939666,-0.8343971,528,7
1.6095583,3.3591378,-3.4128532,532,5
-4.493795,10.265344,8.509008,502,2
10.874673,0.98124224,-1.5293179,530,6
-3.2351327,-0.45518354,0.13598816,554,1
17.880407,-1.1422501,8.9028,528,3
9.356418,1.0728478,9.657512,580,1
8.023512,5.010968,-4.849534,556,7
0.8922603,-7.5454373,14.534834,540,5
15.142815,-10.888249,9.626773,540,1
2.394958,6.5599356,-0.5906772,516,6
1.171155,-6.1342835,1.2192603,526,1
8.206133,8.81028,0.5160169,514,1
5.3753033,0.96793866,11.633513,600,2
2.387348,6.561672,-0.5837079,516,6
1.222828,-12.363263,2.0904903,564,7
1.6694382,0.0061238487,5.4435153,514,5
6.1207943,-5.234063,-3.5218313,580,8
1.5801173,6.2486067,4.2032547,564,2
-1.6552025,3.4835677,8.563791,598,1
8.631844,-2.8324637,-2.8911197,600,3
-0.037533928,-2.459881,5.630717,596,2
4.111943,10.454438,6.484633,566,8
0.9155078,1.9114205,-3.9255714,532,1
4.521475,6.5032306,14.176082,594,8
18.461708,-3.046066,5.1631927,594,5
1.663947,-6.856575,6.6433907,530,1
0.22954383,-2.371585,5.397391,596,8
8.138281,11.731221,15.193966,540,3
-6.5513277,1.1259248,14.725,598,2
2.4673014,-8.235672,6.735218,530,5
1.7732131,-0.4472964,-0.59714293,566,2
3.9296646,-1.8816454,9.082053,524,1
7.7754855,1.4118239,-1.8857834,532,3
15.84728,-8.54757,11.87755,554,3
-2.2377133,-5.359348,-2.821477,530,4
11.87719,-9.658572,-1.5416408,524,5
1.294096,3.7419019,-3.5879734,532,7
7.288482,0.7707356,10.638287,550,6
-5.531898,4.1131406,-0.55149513,534,8
17.64775,3.904297,16.378275,552,8
8.021629,-0.10827089,8.89572,536,6
13.082003,1.9278281,4.8443847,552,1
10.6680765,7.1277833,9.583803,534,1
5.8416986,13.332251,7.8206806,552,4
16.70575,2.5997767,1.4864029,520,8
11.520898,-3.0709007,1.7879045,574,1
13.5649605,2.5110583,-1.530569,506,4
11.819747,-7.3166437,9.358643,544,2
8.4239025,-1.0259231,7.2760916,588,8
5.844741,-1.2847059,12.96438,510,8
7.3550334,0.22527121,10.318415,510,5
12.993095,12.644481,1.7096803,552,3
7.6965165,-12.504998,1.4973923,520,2
17.107653,5.6950755,9.448022,560,3
2.9829755,3.9800956,15.378608,588,1
6.940866,8.903156,2.7539663,510,1
9.801563,-2.817539,-8.305036,590,5
6.935824,-1.5258863,9.368165,504,5
1.3077946,-2.9660544,20.975594,578,7
5.245601,-5.3673944,5.3515615,506,6
13.364267,0.7097962,17.372108,546,7
7.6890554,4.2486753,9.206283,534,6
7.8867974,-3.3781548,8.550942,512,3
6.7046685,-1.6256607,9.306062,504,1
7.435745,3.6842666,8.745584,576,4
7.974226,-1.280859,8.222189,588,4
7.361915,0.41698697,10.50316,550,5
13.377059,0.71923614,17.362364,546,7
15.785968,1.7500987,1.9333026,520,7
6.8523173,-7.031279,-8.944844,546,2
7.694479,-12.505954,1.499413,520,2
2.3276756,9.053826,7.452433,544,8
8.9495945,3.3519394,-0.88297665,586,2
9.104304,-6.971962,9.172698,578,2
16.44742,-5.5015655,-1.2826179,534,7
13.142842,2.0221386,4.9969482,586,1
-1.7504632,2.3238864,13.2525015,510,2
10.989752,-3.6975842,2.5604458,588,2
-3.1112728,1.5127851,14.490658,578,8
2.6027262,6.583824,-0.8031734,584,6
6.7397833,-3.6222482,-4.923488,590,7
14.633199,1.5813749,6.4407406,586,5
7.3357663,0.7360296,10.601438,550,6
9.452797,0.17457059,17.02678,522,7
11.168917,6.7741942,-3.3836575,576,3
1.653496,-7.3015847,9.626679,560,5
2.0999568,-8.961278,-7.436464,576,7
9.439975,-4.8129973,-7.0795307,584,7
-0.30775523,0.9580937,12.484,574,4
-0.16322011,-10.019724,12.991227,502,1
-0.1635419,-10.019536,12.991445,502,1
-0.16186047,-10.020814,12.989778,502,1
-0.16345337,-10.019512,12.9913845,502,1
-0.16880448,-10.014777,12.99664,502,1
-0.16216445,-10.020487,12.990096,502,1
-4.491738,10.262351,8.506179,502,2
-4.4986014,10.272277,8.51509,502,2
-4.5139065,10.287427,8.530417,502,2
-4.4978623,10.271177,8.514234,502,2
-4.488389,10.257434,8.501929,502,2
-4.495692,10.267929,8.511416,502,2
-4.495551,10.267835,8.511269,502,2
7.782619,9.50758,6.938169,502,3
7.7965236,9.522492,6.922136,502,3
7.7842193,9.509605,6.9356074,502,3
7.7826695,9.507936,6.937796,502,3
7.7882996,9.510899,6.9337153,502,3
7.781517,9.506132,6.9397116,502,3
4.652954,-3.6980245,4.155792,502,4
4.649473,-3.691216,4.146814,502,4
4.6519604,-3.6950116,4.150952,502,4
4.6518044,-3.6989543,4.155016,502,4
4.6653943,-3.7090173,4.165264,502,4
4.6523995,-3.6998413,4.155442,502,4
0.112874135,-10.237722,12.707964,502,5
0.106455736,-10.232632,12.714488,502,5
0.10660291,-10.232795,12.714285,502,5
0.10681688,-10.232499,12.713691,502,5
0.10679635,-10.232872,12.714125,502,5
0.10682677,-10.232845,12.714052,502,5
2.7533543,-1.1139941,-0.5240518,502,6
2.7297506,-1.1081854,-0.52061427,502,6
2.7787805,-1.1355116,-0.547736,502,6
2.7411163,-1.1025283,-0.51347476,502,6
2.7534378,-1.1128944,-0.52407384,502,6
2.7514734,-1.1116728,-0.52360135,502,6
2.7649324,-1.1138014,-0.5262015,502,6
-4.2538114,9.915723,8.194224,502,7
-4.2557974,9.919416,8.197365,502,7
-4.2494173,9.909344,8.188416,502,7
-4.2540207,9.915997,8.194404,502,7
-4.2509294,9.911497,8.1903,502,7
-4.2536173,9.915487,8.193978,502,7
14.286953,1.9226608,6.1588106,502,8
14.278759,1.9163561,6.1403103,502,8
14.270884,1.9232534,6.133158,502,8
14.259133,1.9251131,6.1217346,502,8
14.272276,1.9236972,6.134861,502,8
14.248327,1.94489,6.111372,502,8
6.7084312,-1.6461412,9.301625,504,1
6.6773353,-1.6402605,9.298131,504,1
6.6878176,-1.6305513,9.306024,504,1
6.673429,-1.6391168,9.297013,504,1
6.7018557,-1.6255901,9.305486,504,1
6.7100363,-1.612269,9.286827,504,1
7.0755386,-1.1015692,9.699835,504,2
7.0711565,-1.1332009,9.679197,504,2
7.079568,-1.1242025,9.687817,504,2
7.0739737,-1.1407117,9.674653,504,2
7.0893235,-1.1139433,9.6925745,504,2
7.0802593,-1.123821,9.687797,504,2
7.064709,-1.1604064,9.660302,504,2
9.959008,-10.246724,8.192192,504,3
9.95736,-10.246582,8.194166,504,3
9.944145,-10.259737,8.2064495,504,3
9.958858,-10.245259,8.193035,504,3
9.957208,-10.246941,8.19427,504,3
9.957653,-10.246131,8.1939125,504,3
6.9488325,-1.5373913,9.340307,504,5
6.9775004,-1.4936342,9.386304,504,5
6.9478784,-1.5088108,9.377237,504,5
6.92103,-1.5297248,9.368109,504,5
6.9561777,-1.5030489,9.378663,504,5
6.947193,-1.5327272,9.355722,504,5
12.106966,-7.5092344,6.6930184,504,6
12.093951,-7.518094,6.708129,504,6
12.092549,-7.5205817,6.708455,504,6
12.093647,-7.51957,6.708449,504,6
12.067121,-7.5463057,6.731441,504,6
12.09519,-7.5147505,6.706814,504,6
11.961806,-9.283039,1.471848,504,7
11.959732,-9.279684,1.4764316,504,7
11.961197,-9.283066,1.4723678,504,7
11.956992,-9.281335,1.478417,504,7
11.954078,-9.276166,1.4852086,504,7
11.954867,-9.274377,1.4844986,504,7
11.939576,-9.289468,1.4918164,504,7
7.0491276,10.644054,-4.6209598,504,8
7.0488005,10.643552,-4.621023,504,8
7.048848,10.6435585,-4.6209617,504,8
7.0489163,10.64374,-4.620927,504,8
7.0488696,10.643559,-4.6209583,504,8
7.0489717,10.643251,-4.620827,504,8
-2.6581848,-0.8019067,8.2511425,506,1
-2.65727,-0.8027562,8.250336,506,1
-2.6581328,-0.8020452,8.251149,506,1
-2.6582787,-0.8017673,8.251208,506,1
-2.6581564,-0.8018692,8.2510805,506,1
-2.6573026,-0.80276,8.25034,506,1
1.6259807,2.076125,-3.5766199,506,2
1.6443895,2.0985699,-3.5566025,506,2
1.639807,2.0980728,-3.560903,506,2
1.6419165,2.0927308,-3.5629027,506,2
1.6365402,2.0949185,-3.5680714,506,2
1.6315558,2.0838711,-3.5727165,506,2
4.050663,-5.769461,8.123167,506,3
4.0502114,-5.759676,8.113597,506,3
4.051799,-5.7612205,8.113971,506,3
4.063342,-5.776376,8.132126,506,3
4.04452,-5.7471075,8.10491,506,3
4.0382776,-5.743532,8.1013155,506,3
4.044308,-5.7489033,8.106616,506,3
13.60027,2.544274,-1.56195,506,4
13.563826,2.5073354,-1.5258183,506,4
13.566264,2.511874,-1.5312365,506,4
13.566964,2.5127015,-1.5320668,506,4
13.566198,2.5121145,-1.5315514,506,4
13.5664835,2.5122578,-1.5315591,506,4
5.3395934,-5.2777557,5.265346,506,5
5.305629,-5.3113976,5.2976265,506,5
5.3351517,-5.283328,5.2697043,506,5
5.3390775,-5.2771044,5.264406,506,5
5.3364167,-5.2813907,5.2682037,506,5
5.337822,-5.2804527,5.267238,506,5
5.2900786,-5.321763,5.306403,506,6
5.271986,-5.3253536,5.307531,506,6
5.275903,-5.335283,5.3219934,506,6
5.2736287,-5.338197,5.32342,506,6
5.263698,-5.3487325,5.3338857,506,6
5.275293,-5.3369546,5.327019,506,6
11.583914,2.4259171,-8.810586,506,7
11.583993,2.425875,-8.810598,506,7
11.583965,2.4258363,-8.810529,506,7
11.583945,2.4258225,-8.81048,506,7
11.583938,2.425802,-8.810436,506,7
11.583993,2.425792,-8.8105,506,7
11.583891,2.4256454,-8.810059,506,7
4.1127815,-6.0458536,8.361101,506,8
4.105822,-6.0704618,8.385389,506,8
4.10574,-6.070931,8.385446,506,8
4.1051717,-6.072893,8.387482,506,8
4.0975723,-6.092391,8.405688,506,8
4.0952663,-6.0907426,8.404402,506,8
5.594468,-1.0754838,2.189302,508,1
5.6127324,-1.0829333,2.1793363,508,1
5.5792046,-1.0697464,2.1788151,508,1
5.599828,-1.068918,2.1943624,508,1
5.600538,-1.0701315,2.1916432,508,1
5.594208,-1.0737623,2.192677,508,1
2.0816503,-1.249697,-0.31658873,508,2
2.077621,-1.2575637,-0.31198993,508,2
2.0835166,-1.217877,-0.33406138,508,2
2.081255,-1.2313643,-0.32616976,508,2
2.101275,-1.2000731,-0.3486002,508,2
2.089061,-1.2165837,-0.336393,508,2
13.105761,9.659717,9.398695,508,3
13.105761,9.659792,9.398696,508,3
13.105777,9.659742,9.398632,508,3
13.105696,9.659698,9.398674,508,3
13.105585,9.659722,9.398756,508,3
13.105338,9.65941,9.3987875,508,3
13.105695,9.659703,9.398681,508,3
2.8546627,7.3363643,-1.358771,508,4
2.8552282,7.3384643,-1.3603998,508,4
2.8564606,7.340993,-1.3621324,508,4
2.8569815,7.3411603,-1.3623581,508,4
2.8711205,7.354599,-1.3765751,508,4
2.8558328,7.3378897,-1.3593055,508,4
4.705958,-1.7269732,2.3402767,508,5
4.73678,-1.6983439,2.3148599,508,5
4.7297873,-1.7470876,2.3327825,508,5
4.7341566,-1.6858474,2.3180957,508,5
4.7277775,-1.7369556,2.358748,508,5
4.7408996,-1.7338367,2.3455904,508,5
1.5619295,-0.21424673,-0.5994268,508,6
1.5636826,-0.21628179,-0.59910136,508,6
1.5577906,-0.20962197,-0.59909606,508,6
1.5583532,-0.21074077,-0.59881216,508,6
1.5583591,-0.21013851,-0.59973586,508,6
1.5590935,-0.21039689,-0.6004992,508,6
3.7999308,-3.3021686,1.9922684,508,7
3.8014312,-3.2840953,1.9883353,508,7
3.7898452,-3.3063266,1.9865066,508,7
3.8154032,-3.2991855,2.0027218,508,7
3.7839682,-3.315685,1.9783664,508,7
3.8035958,-3.3028684,1.9934729,508,7
3.8109632,-3.292478,1.9980615,508,7
3.901654,-3.239655,2.051536,508,8
3.930975,-3.2110586,2.0776892,508,8
3.9338129,-3.2057173,2.0817435,508,8
3.958556,-3.1900346,2.1009064,508,8
3.9407818,-3.2164938,2.075287,508,8
3.9455545,-3.194769,2.094544,508,8
6.946427,8.913756,2.7592614,510,1
6.9469,8.904648,2.7525659,510,1
6.9270043,8.881792,2.734397,510,1
6.946724,8.903612,2.753201,510,1
6.9468303,8.9045105,2.7521856,510,1
6.947313,8.904668,2.7520192,510,1
-1.7376533,2.3125992,13.24162,510,2
-1.7584254,2.3251498,13.253397,510,2
-1.7361766,2.3186195,13.24833,510,2
-1.7378997,2.313453,13.241399,510,2
-1.7480915,2.322774,13.251852,510,2
-1.7343901,2.3170965,13.25124,510,2
4.9863925,0.5011239,-10.092418,510,3
4.9864044,0.50114197,-10.092411,510,3
4.9863954,0.50113916,-10.092437,510,3
4.986418,0.50112736,-10.092445,510,3
4.986414,0.5011659,-10.092448,510,3
4.9863796,0.50112426,-10.092436,510,3
4.9863844,0.50112534,-10.092434,510,3
10.233365,0.807453,9.336883,510,4
10.23126,0.81557614,9.322499,510,4
10.213776,0.81514347,9.337824,510,4
10.233846,0.8170847,9.328243,510,4
10.234282,0.8157904,9.328133,510,4
10.233912,0.81796986,9.326153,510,4
7.3497195,0.22423652,10.307446,510,5
7.3440695,0.24957836,10.341944,510,5
7.354104,0.22017996,10.318407,510,5
7.353055,0.22765712,10.31934,510,5
7.355428,0.20810318,10.300147,510,5
7.3494844,0.22117198,10.321181,510,5
4.157961,1.8574996,12.565225,510,6
4.14797,1.8644041,12.573238,510,6
4.146808,1.8638746,12.572995,510,6
4.132454,1.8521307,12.557126,510,6
4.138615,1.8541049,12.562733,510,6
4.147911,1.8639534,12.572156,510,6
10.231965,0.48020327,10.154499,510,7
10.234517,0.4746771,10.159334,510,7
10.235607,0.46847925,10.160687,510,7
10.241134,0.47767362,10.165977,510,7
10.240194,0.48258692,10.165838,510,7
10.224975,0.45285505,10.1493845,510,7
10.241162,0.48256892,10.16391,510,7
5.8360095,-1.2921644,12.96688,510,8
5.8374877,-1.2908669,12.965237,510,8
5.837472,-1.2899747,12.966526,510,8
5.8359175,-1.2916431,12.966324,510,8
5.835659,-1.2919358,12.966245,510,8
5.83717,-1.2900842,12.965921,510,8
5.5118546,-1.3758278,9.687156,512,1
5.520678,-1.3732485,9.686799,512,1
5.5102925,-1.3653816,9.692718,512,1
5.5057707,-1.3717334,9.692122,512,1
5.521168,-1.3565042,9.705858,512,1
5.506058,-1.3731562,9.690438,512,1
7.8546124,-3.4250934,8.587274,512,3
7.877116,-3.396292,8.56247,512,3
7.884045,-3.3811572,8.553485,512,3
7.9010925,-3.371273,8.538471,512,3
7.8820477,-3.4055135,8.571897,512,3
7.888111,-3.3814847,8.550423,512,3
8.145144,-3.9544966,9.114008,512,5
8.144527,-3.9554985,9.115715,512,5
8.155563,-3.9702604,9.130114,512,5
8.140743,-3.9537091,9.113493,512,5
8.14351,-3.9549205,9.1159935,512,5
8.107106,-3.9171839,9.080725,512,5
8.121833,-3.9299638,9.103854,512,5
11.734773,-8.950649,1.9584411,512,6
11.734185,-8.949929,1.9594976,512,6
11.736708,-8.953654,1.9538928,512,6
11.732207,-8.94705,1.9637966,512,6
11.734419,-8.95027,1.9589267,512,6
11.736544,-8.953522,1.9544967,512,6
8.217897,8.822687,0.5272004,514,1
8.2065735,8.801832,0.50572497,514,1
8.232822,8.839654,0.54563034,514,1
8.218112,8.826108,0.5324908,514,1
8.211643,8.812222,0.51740086,514,1
8.219931,8.830193,0.5379295,514,1
1.4198289,4.9236846,5.4244676,514,2
1.4138194,4.917213,5.419973,514,2
1.4241266,4.9304295,5.42572,514,2
1.419287,4.9227314,5.424489,514,2
1.415165,4.9142857,5.4231305,514,2
1.422615,4.9278083,5.425316,514,2
1.5901089,-0.15022069,5.7313175,514,3
1.5964714,-0.14325874,5.7222953,514,3
1.5967613,-0.14265162,5.720491,514,3
1.5977925,-0.14041752,5.7168264,514,3
1.5982401,-0.13993149,5.716438,514,3
1.5985814,-0.13976826,5.7165666,514,3
1.5983734,-0.14057489,5.718208,514,3
-5.1299114,5.0913353,10.482958,514,4
-5.1015887,5.062959,10.5109,514,4
-5.0998645,5.0611057,10.512321,514,4
-5.105284,5.0665784,10.508788,514,4
-5.101446,5.062814,10.511,514,4
-5.10231,5.0636716,10.510187,514,4
1.676107,0.021692634,5.4193597,514,5
1.6760979,0.020718895,5.430224,514,5
1.6688013,0.008963673,5.4420347,514,5
1.6724995,0.016171914,5.429276,514,5
1.6421342,-0.010875615,5.452296,514,5
1.6631169,-0.00089238834,5.4557686,514,5
6.4537797,-4.060614,2.4181771,514,6
6.4525223,-4.0599847,2.4187543,514,6
6.458844,-4.064498,2.41594,514,6
6.454382,-4.0605865,2.4185572,514,6
6.4535923,-4.060104,2.4188976,514,6
6.453556,-4.060554,2.4188492,514,6
1.7930213,-3.3092105,20.335255,514,7
1.7964019,-3.3114717,20.330574,514,7
1.7933861,-3.3094826,20.33475,514,7
1.7966726,-3.3116496,20.330181,514,7
1.7933142,-3.3094244,20.334856,514,7
1.7824416,-3.3022776,20.349781,514,7
1.7881473,-3.3061106,20.341866,514,7
1.4501238,-3.0823517,20.808363,514,8
1.4775987,-3.106674,20.777122,514,8
1.4707334,-3.100327,20.784653,514,8
1.4447092,-3.0778725,20.814894,514,8
1.4628953,-3.0928118,20.792912,514,8
1.4402568,-3.0715308,20.81715,514,8
2.9989073,-3.5872355,1.5591842,516,1
2.9897811,-3.5895004,1.55392,516,1
2.9979289,-3.5875196,1.5587981,516,1
3.0007548,-3.586526,1.5605122,516,1
3.0261774,-3.5723767,1.578467,516,1
3.0055375,-3.585786,1.5637078,516,1
-1.8430859,7.263147,13.249659,516,3
-1.8433996,7.2627616,13.249636,516,3
-1.8432338,7.263169,13.249109,516,3
-1.8431033,7.263103,13.249613,516,3
-1.8430806,7.2630973,13.249451,516,3
-1.8430898,7.263103,13.249614,516,3
4.2905374,-1.4622016,2.2841158,516,5
4.2667475,-1.4468273,2.3010547,516,5
4.2747483,-1.4613887,2.2930539,516,5
4.2741613,-1.4496379,2.2838714,516,5
4.2825336,-1.460969,2.2861037,516,5
4.2845044,-1.4595903,2.2806587,516,5
4.275001,-1.4556934,2.2787514,516,5
2.3758795,6.539142,-0.5724113,516,6
2.3932111,6.5590086,-0.58905786,516,6
2.4008718,6.5606117,-0.59746844,516,6
2.3941505,6.559709,-0.59009445,516,6
2.3991861,6.561511,-0.5956279,516,6
2.392117,6.560313,-0.58829856,516,6
9.731814,-0.34023893,10.169684,518,1
9.709395,-0.36055163,10.17279,518,1
9.719288,-0.34864137,10.17206,518,1
9.72812,-0.33912867,10.169566,518,1
9.71979,-0.34670365,10.171333,518,1
9.709228,-0.35510084,10.173025,518,1
5.480521,-11.374321,14.702217,518,2
5.5093107,-11.400087,14.728273,518,2
5.4830084,-11.377738,14.7051735,518,2
5.4812336,-11.377072,14.704237,518,2
5.480489,-11.375004,14.70263,518,2
5.4658403,-11.359595,14.687215,518,2
18.166744,-0.58961415,8.84017,518,3
18.170908,-0.5843436,8.841236,518,3
18.187334,-0.56699866,8.834823,518,3
18.17784,-0.5738159,8.842062,518,3
18.168352,-0.58902985,8.841402,518,3
18.150612,-0.61286485,8.837597,518,3
18.148668,-0.6099787,8.8317795,518,3
5.2606,-10.603281,14.43058,518,5
5.2621603,-10.605508,14.43241,518,5
5.271689,-10.62406,14.446134,518,5
5.246735,-10.5883465,14.416759,518,5
5.2601933,-10.603536,14.43045,518,5
5.2611256,-10.608201,14.431653,518,5
10.080362,0.023637991,10.106078,518,6
10.087988,0.037108414,10.109374,518,6
10.082521,0.029348055,10.110773,518,6
10.076433,0.015844733,10.114786,518,6
10.0877,0.028865244,10.112503,518,6
10.069944,0.0055359043,10.108869,518,6
16.109035,2.048026,1.5850052,520,1
16.110992,2.0511696,1.5822091,520,1
16.127527,2.0662665,1.5678049,520,1
16.126028,2.0636442,1.5711699,520,1
16.125917,2.0648158,1.568357,520,1
16.122034,2.0620182,1.5690074,520,1
7.692724,-12.505394,1.5010115,520,2
7.6919327,-12.50694,1.5018623,520,2
7.6943917,-12.507478,1.4995575,520,2
7.6800323,-12.521213,1.513665,520,2
7.719209,-12.498851,1.4756343,520,2
7.7076964,-12.499124,1.4862572,520,2
7.7065525,-12.503308,1.4876724,520,2
17.13214,2.7351167,1.3335603,520,4
17.125435,2.7336595,1.336232,520,4
17.114262,2.7232733,1.3443127,520,4
17.125051,2.733419,1.3360261,520,4
17.132078,2.735257,1.3330405,520,4
17.124533,2.7325847,1.3351167,520,4
16.20254,3.1193802,1.7860646,520,5
16.209826,3.1124027,1.7810258,520,5
16.199078,3.1236715,1.788624,520,5
16.199091,3.1247582,1.788753,520,5
16.199436,3.1224244,1.7883521,520,5
16.199797,3.1220987,1.7881086,520,5
16.299604,-3.994304,4.128952,520,6
16.300055,-3.9940841,4.1291766,520,6
16.300018,-3.9939225,4.129176,520,6
16.30008,-3.9940176,4.129137,520,6
16.300117,-3.9940484,4.1291103,520,6
16.299894,-3.993962,4.1291065,520,6
15.811505,1.7769246,1.9040903,520,7
15.8046,1.7708381,1.9095348,520,7
15.8073435,1.7722393,1.9078766,520,7
15.836842,1.8011848,1.8772924,520,7
15.810744,1.7761009,1.9048191,520,7
15.822695,1.7885205,1.8908113,520,7
15.810522,1.7769796,1.9035815,520,7
16.747135,2.573749,1.4535086,520,8
16.706676,2.6008966,1.4856427,520,8
16.686647,2.6146765,1.5016892,520,8
16.70213,2.6021852,1.4894693,520,8
16.697529,2.5993145,1.4926186,520,8
16.71567,2.6015632,1.4828501,520,8
3.7302272,2.5689774,9.262862,522,1
3.720286,2.5690455,9.263638,522,1
3.6207051,2.5380027,9.252045,522,1
3.6602428,2.5528743,9.273151,522,1
3.6547601,2.5609343,9.272211,522,1
3.6472015,2.5630047,9.282791,522,1
3.1599844,2.6318936,9.405188,522,2
3.1927557,2.630916,9.395512,522,2
3.1882024,2.621045,9.404228,522,2
3.1998014,2.6322494,9.395977,522,2
3.216166,2.6453707,9.381125,522,2
3.1921086,2.6334524,9.395564,522,2
12.591089,9.418551,-2.627603,522,4
12.5784855,9.4060335,-2.6402533,522,4
12.588381,9.415763,-2.630465,522,4
12.589602,9.416804,-2.6292706,522,4
12.587122,9.413332,-2.6318958,522,4
12.603201,9.430564,-2.615767,522,4
12.578529,9.405867,-2.6403065,522,4
7.7108493,4.2696433,9.636451,522,5
7.7391586,4.3045897,9.588418,522,5
7.778356,4.357834,9.590012,522,5
7.714299,4.3093143,9.694927,522,5
7.7431784,4.347678,9.67784,522,5
7.7381916,4.3224096,9.6552725,522,5
2.5950744,11.274417,7.5925436,522,6
2.5949056,11.274482,7.592653,522,6
2.5950496,11.274472,7.5924907,522,6
2.5948431,11.275517,7.59292,522,6
2.5950477,11.274804,7.592693,522,6
2.5950704,11.2743225,7.592514,522,6
9.452917,0.1738697,17.026695,522,7
9.4531,0.1740578,17.027317,522,7
9.453127,0.17399357,17.027351,522,7
9.453252,0.17479645,17.026531,522,7
9.453141,0.17399995,17.027328,522,7
9.454003,0.17243734,17.028976,522,7
11.620163,-7.017155,9.520172,522,8
11.6550255,-7.068966,9.491201,522,8
11.646202,-7.0564375,9.497555,522,8
11.640146,-7.048163,9.500204,522,8
11.623779,-7.0213943,9.516781,522,8
11.6282835,-7.0284433,9.516524,522,8
11.668312,-7.0766015,9.495827,522,8
3.9311373,-1.8880495,9.086082,524,1
3.9485106,-1.8866392,9.093843,524,1
3.9441426,-1.885248,9.090986,524,1
3.9288347,-1.8824216,9.081001,524,1
3.9437273,-1.8858668,9.090988,524,1
3.932328,-1.8735873,9.079332,524,1
1.770293,5.4825583,5.519616,524,2
1.7725756,5.4844456,5.5243053,524,2
1.7748073,5.4797406,5.537082,524,2
1.7681481,5.475228,5.524356,524,2
1.7652113,5.4696245,5.5241666,524,2
1.810171,5.5283585,5.569553,524,2
-2.2284677,-5.2662616,-1.0919865,524,3
-2.2707543,-5.3010354,-1.0646037,524,3
-2.271415,-5.301799,-1.0649538,524,3
-2.2599614,-5.290225,-1.0705328,524,3
-2.276166,-5.3034883,-1.0646757,524,3
-2.2707021,-5.3010063,-1.0651863,524,3
4.304223,-3.8256176,-3.279865,524,4
4.317783,-3.8384023,-3.2928658,524,4
4.301043,-3.8371382,-3.2875836,524,4
4.3180404,-3.8403685,-3.2941177,524,4
4.3168044,-3.8387249,-3.292773,524,4
4.3167367,-3.8379304,-3.2927318,524,4
4.3301263,-3.8406405,-3.2974093,524,4
11.877169,-9.658582,-1.5416337,524,5
11.877122,-9.658538,-1.5415282,524,5
11.876967,-9.658308,-1.5412859,524,5
11.877153,-9.658581,-1.5415881,524,5
11.877174,-9.658592,-1.5416795,524,5
11.876764,-9.657975,-1.5408249,524,5
-4.435903,5.427803,4.561893,524,6
-4.4252295,5.4203973,4.561105,524,6
-4.423427,5.41921,4.5609355,524,6
-4.423346,5.419362,4.560879,524,6
-4.4243355,5.419916,4.560916,524,6
-4.4318423,5.4255834,4.5606904,524,6
4.8421373,-3.9039493,-3.467496,524,7
4.8366947,-3.9026327,-3.4663124,524,7
4.8374395,-3.902571,-3.464596,524,7
4.8371787,-3.9028986,-3.4663768,524,7
4.854489,-3.9086368,-3.4706361,524,7
4.838807,-3.9032147,-3.4661608,524,7
2.8339355,9.177075,7.3040113,524,8
2.906671,9.212595,7.259319,524,8
2.8940785,9.20675,7.265162,524,8
2.8959656,9.2118225,7.258537,524,8
2.9150982,9.221351,7.251228,524,8
2.92956,9.200474,7.268201,524,8
2.9249134,9.196621,7.2712336,524,8
1.1886644,-6.1384163,1.2001528,526,1
1.1255751,-6.1094494,1.2663232,526,1
1.1709063,-6.134298,1.2193422,526,1
1.1711342,-6.134461,1.2189076,526,1
1.1730198,-6.130711,1.2162284,526,1
1.2014887,-6.149596,1.1870524,526,1
8.066482,-3.004526,8.321241,526,3
8.063921,-3.005297,8.323419,526,3
8.057406,-3.0252156,8.333029,526,3
8.066542,-3.0066283,8.322154,526,3
8.062548,-3.0156753,8.326824,526,3
8.0654955,-3.0092304,8.3235655,526,3
-0.12239416,9.480999,0.6711349,526,5
-0.12321022,9.490507,0.6743029,526,5
-0.12316121,9.490763,0.67429036,526,5
-0.1232175,9.491186,0.67459023,526,5
-0.123219445,9.491739,0.67473364,526,5
-0.123219766,9.49148,0.67469496,526,5
1.5649371,-7.373959,7.0133657,528,1
1.5805318,-7.3492026,6.9966817,528,1
1.5936083,-7.334513,6.9944553,528,1
1.6106637,-7.3806186,7.056356,528,1
1.6076823,-7.3611045,7.047045,528,1
1.5954016,-7.37506,7.0699563,528,1
1.6081926,-7.3628025,7.038379,528,1
1.7985731,-7.1024165,6.675708,528,2
1.7970352,-7.087036,6.666857,528,2
1.8040472,-7.0762234,6.65669,528,2
1.8141549,-7.106541,6.6633306,528,2
1.805843,-7.0983624,6.66347,528,2
1.8137332,-7.120942,6.674876,528,2
17.863794,-1.1610847,8.919893,528,3
17.87317,-1.1407524,8.910859,528,3
17.864843,-1.1559516,8.916285,528,3
17.867704,-1.1511258,8.915752,528,3
17.866299,-1.1549735,8.917204,528,3
17.86798,-1.150641,8.915584,528,3
17.976336,-0.8572063,8.811072,528,4
17.985256,-0.85734177,8.822169,528,4
17.973421,-0.8760189,8.821132,528,4
17.973223,-0.8784999,8.821521,528,4
17.9615,-0.91166496,8.8353615,528,4
17.957064,-0.9002634,8.803419,528,4
1.2897341,-7.7360163,7.162878,528,5
1.3109049,-7.7111487,7.1496024,528,5
1.292741,-7.6933365,7.168037,528,5
1.2836728,-7.7298408,7.158336,528,5
1.2941715,-7.7234097,7.1604834,528,5
1.3179581,-7.6936607,7.1547694,528,5
1.3119584,-7.704488,7.1545377,528,5
2.1747355,-7.8397245,6.852124,528,6
2.1874282,-7.85664,6.8451424,528,6
2.1953754,-7.866922,6.8430743,528,6
2.2044306,-7.875771,6.8395324,528,6
2.2151794,-7.890403,6.8314037,528,6
2.1888058,-7.861655,6.853392,528,6
-3.0740767,6.9939556,-0.8341886,528,7
-3.0739486,6.991758,-0.8335078,528,7
-3.0747159,7.0090833,-0.8389703,528,7
-3.0741081,6.9940014,-0.834176,528,7
-3.074089,6.99391,-0.83416456,528,7
-3.0740762,6.9944396,-0.8342836,528,7
1.6568944,-6.837992,6.642724,530,1
1.652163,-6.8778825,6.659773,530,1
1.6832948,-6.8832145,6.6420264,530,1
1.6543239,-6.8601933,6.6487417,530,1
1.6820363,-6.894899,6.658258,530,1
1.6742536,-6.891293,6.657781,530,1
1.7868358,-6.2800508,6.543843,530,2
1.7922293,-6.281403,6.538904,530,2
1.7874131,-6.2758737,6.5435944,530,2
1.7855924,-6.282957,6.5451164,530,2
1.7865329,-6.281985,6.544979,530,2
1.7840792,-6.2892866,6.546673,530,2
1.7832712,-6.2811713,6.5480113,530,2
2.852518,3.2057188,-5.722124,530,3
2.8526351,3.2055762,-5.722016,530,3
2.8527727,3.205471,-5.722404,530,3
2.8527386,3.2054641,-5.7222676,530,3
2.8526301,3.2052228,-5.7215314,530,3
2.8525379,3.2056015,-5.7220407,530,3
-2.237716,-5.359363,-2.8214495,530,4
-2.2377572,-5.3593726,-2.8205798,530,4
-2.237697,-5.35939,-2.8214357,530,4
-2.2377102,-5.359354,-2.821407,530,4
-2.2377105,-5.359346,-2.8214848,530,4
-2.2376857,-5.359347,-2.821502,530,4
2.4362288,-8.199312,6.7568164,530,5
2.4388883,-8.207527,6.764796,530,5
2.4626186,-8.233223,6.744544,530,5
2.46227,-8.232983,6.745029,530,5
2.4627855,-8.233185,6.7447386,530,5
2.461446,-8.233048,6.7452106,530,5
10.863427,0.9763203,-1.5187263,530,6
10.868474,0.97658956,-1.5228224,530,6
10.868822,0.9761339,-1.5224447,530,6
10.888162,0.9936298,-1.5416588,530,6
10.873496,0.9686592,-1.5211664,530,6
10.852949,0.98116153,-1.5142694,530,6
10.864472,0.9794874,-1.5213915,530,6
1.727529,-7.386054,7.383292,530,8
1.7371023,-7.3650303,7.376436,530,8
1.7158737,-7.3746376,7.337667,530,8
1.7296658,-7.367859,7.344763,530,8
1.7279671,-7.3602495,7.349154,530,8
1.7288702,-7.367744,7.354617,530,8
0.94187695,1.9365817,-3.899325,532,1
0.9241271,1.9189118,-3.917263,532,1
0.91984546,1.9144759,-3.9220598,532,1
0.9191377,1.9129629,-3.923452,532,1
0.91190416,1.9091014,-3.9282625,532,1
0.90506375,1.9008657,-3.9362714,532,1
1.7935964,2.355275,-3.391478,532,2
1.7738098,2.3281534,-3.4107325,532,2
1.792977,2.341308,-3.3991702,532,2
1.8240366,2.380878,-3.3573403,532,2
1.8061711,2.3544693,-3.3785553,532,2
1.8003595,2.3681037,-3.382824,532,2
7.7723694,1.4078676,-1.8885932,532,3
7.773278,1.408509,-1.8881309,532,3
7.7836637,1.4176707,-1.8827671,532,3
7.7662244,1.4028436,-1.8928633,532,3
7.75222,1.3892591,-1.9060717,532,3
7.7782435,1.4150981,-1.8802562,532,3
7.7670016,1.4032456,-1.8923162,532,3
-3.273055,-4.800346,9.343223,532,4
-3.2657104,-4.791558,9.35075,532,4
-3.2677977,-4.7938013,9.349548,532,4
-3.2690845,-4.795679,9.3477335,532,4
-3.2652001,-4.790745,9.353075,532,4
-3.2544677,-4.779854,9.362495,532,4
1.6229035,3.3559613,-3.4008107,532,5
1.6142625,3.3598354,-3.408618,532,5
1.6158277,3.358175,-3.4082577,532,5
1.6145378,3.3552952,-3.418136,532,5
1.6177615,3.3746705,-3.3890533,532,5
1.614319,3.3557796,-3.4092133,532,5
1.6437008,3.9277902,-4.180474,532,6
1.6375854,3.9261956,-4.170272,532,6
1.6376861,3.9264135,-4.1696734,532,6
1.6392384,3.926192,-4.172166,532,6
1.6417568,3.9285092,-4.1768875,532,6
1.6370763,3.920819,-4.163015,532,6
1.2955451,3.7600818,-3.6083221,532,7
1.296681,3.745535,-3.5934584,532,7
1.2986249,3.7489362,-3.5972042,532,7
1.300391,3.7489972,-3.5975883,532,7
1.2997289,3.7536724,-3.6012309,532,7
1.2983944,3.7482967,-3.5957355,532,7
1.3038404,3.7455122,-3.596714,532,7
6.295738,8.394558,-4.6832604,532,8
6.297537,8.396573,-4.685186,532,8
6.297413,8.396437,-4.684934,532,8
6.3132415,8.412239,-4.700935,532,8
6.291826,8.393997,-4.679457,532,8
6.297066,8.396046,-4.684315,532,8
10.662132,7.129501,9.580604,534,1
10.673796,7.1187096,9.597374,534,1
10.668856,7.1273494,9.5843315,534,1
10.67918,7.1164412,9.596886,534,1
10.673133,7.1241794,9.587472,534,1
10.683683,7.1415806,9.569644,534,1
8.019787,3.8001573,9.093629,534,2
8.03296,3.8107038,9.080672,534,2
8.031789,3.8158653,9.0846815,534,2
8.03476,3.8187232,9.079672,534,2
8.022064,3.8176649,9.080816,534,2
8.027168,3.8118064,9.074639,534,2
16.632061,-5.678588,-1.4695041,534,4
16.631105,-5.6771636,-1.4691222,534,4
16.68256,-5.7278867,-1.5207875,534,4
16.617977,-5.6638145,-1.4558682,534,4
16.6756,-5.7207994,-1.5138825,534,4
16.622879,-5.669368,-1.4607954,534,4
16.599373,-5.64625,-1.4371235,534,4
3.155973,9.692186,6.87596,534,5
3.1547036,9.69192,6.8763356,534,5
3.1494997,9.687218,6.8796873,534,5
3.1537085,9.682985,6.8842487,534,5
3.1520941,9.672915,6.9049315,534,5
3.155743,9.686771,6.882651,534,5
7.6490874,4.2215676,9.207054,534,6
7.6538973,4.210372,9.215582,534,6
7.6783037,4.216525,9.192161,534,6
7.6854873,4.2594547,9.196493,534,6
7.6524887,4.223014,9.205048,534,6
7.648129,4.2063184,9.207234,534,6
16.463219,-5.517471,-1.2983469,534,7
16.438831,-5.493343,-1.2739357,534,7
16.461073,-5.5146437,-1.2965393,534,7
16.456253,-5.510503,-1.2911215,534,7
16.399324,-5.454471,-1.2340612,534,7
16.444035,-5.498399,-1.2789372,534,7
-5.532185,4.1129794,-0.5518095,534,8
-5.5341353,4.110952,-0.5537152,534,8
-5.5368524,4.111816,-0.56252676,534,8
-5.5413857,4.103414,-0.56029534,534,8
-5.53502,4.110029,-0.5540613,534,8
-5.534855,4.1098456,-0.55376434,534,8
-5.535796,4.108511,-0.55413514,534,8
6.3606615,-0.019311843,10.542712,536,1
6.363237,-0.021488314,10.540427,536,1
6.35911,-0.02105552,10.542651,536,1
6.356695,-0.021108823,10.538739,536,1
6.3305187,0.0076149674,10.526843,536,1
6.3484106,-0.015898623,10.529902,536,1
9.264461,1.3730786,9.510893,536,2
9.263555,1.3769118,9.519312,536,2
9.281121,1.3633919,9.528126,536,2
9.257098,1.3831666,9.507375,536,2
9.282843,1.3423526,9.537777,536,2
9.266948,1.3700103,9.512057,536,2
6.754145,-0.19120345,10.769567,536,5
6.7672577,-0.17746167,10.774941,536,5
6.791539,-0.15189297,10.749624,536,5
6.735302,-0.19285105,10.755382,536,5
6.80471,-0.14027455,10.774562,536,5
6.785073,-0.15937997,10.77227,536,5
8.015149,-0.103750676,8.901785,536,6
8.033608,-0.12446897,8.881142,536,6
8.044635,-0.1352942,8.863687,536,6
8.086642,-0.17466667,8.818224,536,6
8.063818,-0.17226951,8.827435,536,6
8.070449,-0.18491785,8.814292,536,6
8.055085,-0.17770252,8.841082,536,6
7.7090745,-0.4667998,-6.454545,538,1
7.7269325,-0.4480496,-6.434778,538,1
7.747513,-0.42708203,-6.4448986,538,1
7.727029,-0.44859195,-6.437154,538,1
7.7260346,-0.44940808,-6.4371743,538,1
7.7267413,-0.44864142,-6.4377036,538,1
9.986299,1.6332747,-1.1966606,538,2
9.990677,1.6322292,-1.1943239,538,2
9.98406,1.633769,-1.197,538,2
9.979473,1.6379176,-1.1966251,538,2
9.974062,1.6279048,-1.2108266,538,2
9.981957,1.6357112,-1.1951586,538,2
14.775209,1.8532552,6.6551604,538,3
14.749494,1.9195328,6.5720983,538,3
14.71701,1.8807437,6.519361,538,3
14.688239,1.8346701,6.502836,538,3
14.687111,1.8082976,6.48196,538,3
14.657412,1.7546251,6.462489,538,3
6.5247474,1.0082593,15.739143,538,4
6.5342846,1.0041223,15.742525,538,4
6.5292892,1.0132486,15.73243,538,4
6.53406,1.0070535,15.738608,538,4
6.5512023,0.9984092,15.748688,538,4
6.542529,0.9960154,15.749762,538,4
6.543062,0.9873849,15.759413,538,4
15.36537,2.5265431,6.0911613,538,5
15.362723,2.526681,6.0875707,538,5
15.365159,2.5280385,6.0910883,538,5
15.353216,2.5170808,6.102813,538,5
15.326041,2.4982803,6.077463,538,5
15.366278,2.5285406,6.0904813,538,5
11.588421,1.0581443,-2.1277704,538,6
11.57695,1.0618595,-2.1175647,538,6
11.586011,1.060189,-2.1261907,538,6
11.581079,1.0599136,-2.1215458,538,6
11.5878105,1.0585444,-2.1272798,538,6
11.588221,1.058311,-2.1277428,538,6
11.132604,1.0989102,-1.7738076,538,7
11.130002,1.0973991,-1.7714813,538,7
11.120644,1.0919873,-1.7616627,538,7
11.141342,1.0996796,-1.779577,538,7
11.126344,1.0984082,-1.7683194,538,7
11.137638,1.0998306,-1.7781974,538,7
6.4434757,0.45610255,16.46975,538,8
6.442547,0.44902617,16.476461,538,8
6.4420633,0.44850564,16.47735,538,8
6.4430346,0.45377782,16.470825,538,8
6.442626,0.44934988,16.476866,538,8
6.440912,0.4450058,16.482231,538,8
6.4418173,0.44681942,16.479376,538,8
15.142827,-10.888119,9.626887,540,1
15.1427965,-10.888196,9.626793,540,1
15.142829,-10.888097,9.6269045,540,1
15.142841,-10.88787,9.627028,540,1
15.142825,-10.888086,9.6268835,540,1
15.142905,-10.888129,9.626885,540,1
9.211105,-7.2697444,9.040866,540,2
9.220524,-7.3006153,9.024423,540,2
9.246271,-7.357212,8.996736,540,2
9.207389,-7.2740445,9.043779,540,2
9.228853,-7.31141,9.021527,540,2
9.214327,-7.2792997,9.037622,540,2
8.138281,11.73119,15.19393,540,3
8.13827,11.731195,15.193923,540,3
8.13826,11.731232,15.193914,540,3
8.13828,11.731208,15.193941,540,3
8.138281,11.73121,15.19394,540,3
8.13827,11.731199,15.193941,540,3
7.7978125,4.612763,10.02262,540,4
7.7957153,4.605728,10.015959,540,4
7.799032,4.6074076,10.014301,540,4
7.8111343,4.6227083,10.035347,540,4
7.8086543,4.628221,10.0393505,540,4
7.796898,4.6027064,10.006289,540,4
7.8081903,4.617249,10.023295,540,4
0.9339689,-7.525079,14.576888,540,5
0.9129858,-7.535406,14.555901,540,5
0.92086196,-7.5346465,14.563796,540,5
0.92077017,-7.5343785,14.563759,540,5
0.92215216,-7.5344787,14.565066,540,5
0.92098105,-7.534595,14.563923,540,5
8.603011,-5.5497546,18.206543,540,6
8.603016,-5.5497675,18.206533,540,6
8.603006,-5.5497684,18.206545,540,6
8.603016,-5.5497813,18.206533,540,6
8.603007,-5.549761,18.20653,540,6
8.603005,-5.5497737,18.20654,540,6
9.453266,-7.7630124,8.055909,540,7
9.454069,-7.764303,8.050524,540,7
9.449572,-7.758325,8.049392,540,7
9.454096,-7.764208,8.062019,540,7
9.451408,-7.763956,8.065886,540,7
9.456544,-7.7666135,8.072946,540,7
5.9684095,3.0357337,-10.810139,540,8
5.968419,3.0357432,-10.810133,540,8
5.9684315,3.035779,-10.810154,540,8
5.968413,3.0357575,-10.810164,540,8
5.96842,3.0357432,-10.810132,540,8
5.968425,3.035747,-10.810148,540,8
5.9684176,3.0357351,-10.810122,540,8
6.800789,-0.8434721,2.1169858,542,1
6.796773,-0.84580517,2.1164985,542,1
6.785458,-0.850912,2.119288,542,1
6.8024426,-0.84389704,2.1161163,542,1
6.8059525,-0.84308165,2.1162565,542,1
6.7975035,-0.8456212,2.1165931,542,1
9.320262,-7.644681,8.808993,542,2
9.322706,-7.6475472,8.806809,542,2
9.3347435,-7.666529,8.801086,542,2
9.323351,-7.64688,8.809984,542,2
9.314385,-7.627334,8.818056,542,2
9.326971,-7.6486745,8.808377,542,2
6.47487,1.0892036,15.645188,542,4
6.488385,1.0988518,15.628377,542,4
6.501267,1.0855864,15.641226,542,4
6.5187,1.0606952,15.667728,542,4
6.505189,1.0772886,15.65092,542,4
6.4999576,1.0921088,15.631967,542,4
-5.8856616,-8.573399,3.2545736,542,5
-5.885241,-8.57302,3.2546914,542,5
-5.885199,-8.572993,3.2547052,542,5
-5.885268,-8.573047,3.2546856,542,5
-5.8852606,-8.573047,3.2546868,542,5
-5.8853574,-8.5730095,3.254805,542,5
-5.8852534,-8.573034,3.2547011,542,5
-1.689028,2.8750885,7.418498,542,6
-1.689095,2.8750885,7.4184523,542,6
-1.6886567,2.8746064,7.417737,542,6
-1.690011,2.8748636,7.41793,542,6
-1.689042,2.875038,7.418388,542,6
-1.687413,2.8741264,7.4178452,542,6
-5.559472,-9.995517,6.334633,542,7
-5.558781,-9.995034,6.3345776,542,7
-5.559044,-9.995322,6.334741,542,7
-5.559645,-9.995822,6.3348866,542,7
-5.565633,-10.000446,6.3354254,542,7
-5.559879,-9.995961,6.3348036,542,7
6.468447,1.2862566,15.373818,542,8
6.4679775,1.2893425,15.370155,542,8
6.465148,1.2972081,15.36056,542,8
6.4676237,1.2863705,15.374925,542,8
6.467826,1.2901256,15.368835,542,8
6.4662323,1.2953038,15.3633795,542,8
1.8268772,0.44251785,-1.7365602,544,1
1.8263496,0.44121265,-1.7344056,544,1
1.8262504,0.44095585,-1.7336488,544,1
1.8249385,0.4366688,-1.7284355,544,1
1.8263254,0.43949887,-1.7327731,544,1
1.8234762,0.43567026,-1.7272619,544,1
1.8219748,0.44203526,-1.7341956,544,1
11.7962055,-7.287787,9.380556,544,2
11.788878,-7.2774105,9.386055,544,2
11.784392,-7.2737923,9.390917,544,2
11.799813,-7.293219,9.376769,544,2
11.801355,-7.2947674,9.375262,544,2
11.803248,-7.2962737,9.372918,544,2
-2.7543173,-4.1662707,9.697707,544,3
-2.7633283,-4.1772943,9.695781,544,3
-2.7524278,-4.166104,9.702013,544,3
-2.7428508,-4.154934,9.712736,544,3
-2.7489316,-4.1600432,9.698729,544,3
-2.7492952,-4.160859,9.698776,544,3
7.0001173,8.4389515,8.364023,544,5
6.994835,8.430533,8.351063,544,5
6.989342,8.432171,8.353589,544,5
6.9939985,8.430622,8.350718,544,5
6.9934278,8.430053,8.349793,544,5
6.9940786,8.430939,8.351307,544,5
-2.9937947,-4.4573336,9.657104,544,6
-3.0159228,-4.4803925,9.640367,544,6
-3.0223765,-4.4861555,9.630381,544,6
-3.0127592,-4.4764,9.638151,544,6
-3.030201,-4.49308,9.620304,544,6
-3.0109062,-4.4742174,9.641607,544,6
-3.011696,-4.4751177,9.638685,544,6
21.169085,1.2928493,10.249449,544,7
21.164122,1.2974974,10.24427,544,7
21.14353,1.3184035,10.223866,544,7
21.173096,1.2894428,10.253757,544,7
21.190805,1.2713183,10.271172,544,7
21.169819,1.2921741,10.250271,544,7
2.3321798,9.045866,7.4546785,544,8
2.3352177,9.046545,7.4525294,544,8
2.3361044,9.054898,7.4456067,544,8
2.3535903,9.064441,7.4357057,544,8
2.356472,9.070749,7.429651,544,8
2.350739,9.06373,7.4361,544,8
6.852316,-7.0312676,-8.944801,546,2
6.852342,-7.031029,-8.944835,546,2
6.852311,-7.0310297,-8.944854,546,2
6.8533835,-7.022118,-8.944405,546,2
6.8523183,-7.031555,-8.944909,546,2
6.85233,-7.0311604,-8.944935,546,2
13.590632,0.8213904,16.969995,546,4
13.585208,0.8185773,16.979887,546,4
13.594394,0.8231538,16.963688,546,4
13.585942,0.81856316,16.97786,546,4
13.588715,0.8197458,16.972742,546,4
13.588804,0.81956047,16.97211,546,4
13.575502,0.8079031,16.987848,546,4
13.364607,0.7111064,17.374557,546,7
13.375388,0.72408223,17.365986,546,7
13.37055,0.7201338,17.372154,546,7
13.359143,0.70774597,17.380787,546,7
13.38784,0.70206666,17.342018,546,7
13.375881,0.716066,17.35377,546,7
7.799544,-10.168424,-2.682939,546,8
7.7972913,-10.166202,-2.6806242,546,8
7.797346,-10.166515,-2.6809144,546,8
7.797045,-10.166361,-2.680722,546,8
7.7971544,-10.166461,-2.6807394,546,8
7.7966924,-10.166216,-2.6806471,546,8
1.5388023,1.1910133,-4.4775887,548,1
1.5379527,1.1917843,-4.4771147,548,1
1.5378693,1.1913459,-4.4770956,548,1
1.5390673,1.1905028,-4.477949,548,1
1.5379189,1.1915408,-4.477134,548,1
1.5380019,1.1917658,-4.4770617,548,1
6.2162514,-1.0486702,2.1720927,548,2
6.217969,-1.0425278,2.17922,548,2
6.221881,-1.0506141,2.1710298,548,2
6.22521,-1.0507615,2.1694477,548,2
6.2402725,-1.0547919,2.1641262,548,2
6.241165,-1.0573705,2.164832,548,2
6.2296505,-1.0665504,2.1654985,548,2
2.9066145,14.82544,9.961529,548,3
2.9055502,14.826736,9.962207,548,3
2.9055686,14.82673,9.962182,548,3
2.905527,14.826806,9.962208,548,3
2.905475,14.826863,9.96226,548,3
2.9055126,14.826799,9.962221,548,3
13.11091,10.693665,14.998505,548,5
13.110932,10.693657,14.99853,548,5
13.110932,10.693658,14.998542,548,5
13.110918,10.693648,14.998536,548,5
13.110918,10.693643,14.998531,548,5
13.1109085,10.693632,14.9985285,548,5
1.321619,3.8788426,-3.7141645,548,6
1.3288745,3.9011095,-3.7385705,548,6
1.3217876,3.8732858,-3.7127397,548,6
1.322574,3.8755658,-3.7152388,548,6
1.3220855,3.857662,-3.7034264,548,6
1.3198578,3.878806,-3.7162793,548,6
-3.0369775,-2.3110023,1.2898395,548,7
-3.0489638,-2.3089895,1.2887571,548,7
-3.0470617,-2.312533,1.293165,548,7
-3.051897,-2.3074303,1.2872959,548,7
-3.0519333,-2.3067968,1.2865121,548,7
-3.0659983,-2.2926528,1.2724967,548,7
-3.0512805,-2.3071268,1.2869087,548,7
5.115563,1.8436747,9.964783,550,1
5.126199,1.8242579,9.987586,550,1
5.141724,1.8136148,9.994222,550,1
5.151354,1.8002867,10.006597,550,1
5.131253,1.7965479,10.0101,550,1
5.1383095,1.8156554,9.991105,550,1
5.7676053,1.0912718,11.289943,550,2
5.6842546,1.0166807,11.315459,550,2
5.7265177,1.0467502,11.330702,550,2
5.7014995,1.0416485,11.349121,550,2
5.7024994,1.0379657,11.357634,550,2
5.7137465,1.0361949,11.341079,550,2
8.416641,0.9492743,10.12,550,3
8.43515,0.9546803,10.108508,550,3
8.424357,0.94967717,10.116965,550,3
8.415762,0.9469522,10.1196165,550,3
8.434566,0.95086837,10.111924,550,3
8.424561,0.9491346,10.115735,550,3
8.100173,-2.519612,8.125827,550,4
8.0956135,-2.4938662,8.118539,550,4
8.099927,-2.4943244,8.11996,550,4
8.096662,-2.5113854,8.123179,550,4
8.099411,-2.5135,8.124873,550,4
8.09792,-2.51962,8.123923,550,4
8.10005,-2.5162132,8.124602,550,4
7.357613,0.4305957,10.511947,550,5
7.3476,0.41572654,10.511185,550,5
7.358121,0.43171912,10.513444,550,5
7.35731,0.4368272,10.528213,550,5
7.357425,0.42812306,10.514643,550,5
7.363745,0.42892405,10.515304,550,5
7.293877,0.7838966,10.640262,550,6
7.2982674,0.79115325,10.639661,550,6
7.299578,0.7742884,10.632784,550,6
7.2855043,0.77578396,10.641474,550,6
7.2953844,0.7807297,10.632972,550,6
7.300926,0.7726099,10.627203,550,6
8.176573,-0.27389628,8.7072,550,7
8.166651,-0.27315408,8.710099,550,7
8.170432,-0.2720381,8.708563,550,7
8.163875,-0.2566374,8.725831,550,7
8.166095,-0.26275346,8.719255,550,7
8.173699,-0.27120304,8.708956,550,7
7.599448,-3.0688195,-3.861074,550,8
7.607658,-3.0635686,-3.8521907,550,8
7.5923324,-3.0744722,-3.8694353,550,8
7.589999,-3.0780818,-3.871082,550,8
7.584303,-3.0841076,-3.8782854,550,8
7.584767,-3.0821033,-3.8783255,550,8
7.5966682,-3.0718944,-3.8640983,550,8
13.092874,1.9259578,4.853141,552,1
13.05086,1.9055645,4.848921,552,1
13.0059805,1.8619162,4.8117914,552,1
13.069334,1.9255524,4.8377633,552,1
13.07366,1.9339317,4.83156,552,1
13.044914,1.899529,4.8501225,552,1
15.194898,1.2846541,7.473139,552,2
15.21768,1.2772199,7.4944253,552,2
15.242002,1.253511,7.5215116,552,2
15.22444,1.27369,7.501998,552,2
15.225723,1.2751987,7.5021973,552,2
15.199338,1.3050419,7.4705844,552,2
12.993096,12.644472,1.7097045,552,3
12.993093,12.64448,1.7097132,552,3
12.993081,12.64447,1.7097075,552,3
12.993045,12.644582,1.7096888,552,3
12.993082,12.64447,1.709698,552,3
12.993083,12.644472,1.7097001,552,3
5.84175,13.332165,7.820917,552,4
5.8417273,13.332115,7.820948,552,4
5.841816,13.332637,7.8205833,552,4
5.841769,13.332103,7.8208876,552,4
5.8418026,13.332256,7.820879,552,4
5.841736,13.332155,7.820819,552,4
5.840653,13.334881,7.817757,552,4
-3.2822552,-8.790082,-0.30328453,552,5
-3.2826865,-8.790508,-0.30324593,552,5
-3.2823362,-8.790155,-0.30321056,552,5
-3.2824142,-8.790217,-0.303016,552,5
-3.2823508,-8.790135,-0.30321503,552,5
-3.2823172,-8.790113,-0.30323955,552,5
14.940109,1.4255553,7.1854978,552,6
14.931314,1.4340752,7.1796846,552,6
14.91386,1.4532524,7.1532106,552,6
14.929063,1.4365455,7.1783857,552,6
14.942803,1.4235917,7.192421,552,6
14.921116,1.4453855,7.169055,552,6
15.304666,1.0486525,7.6694727,552,7
15.313814,1.0342605,7.6764445,552,7
15.31225,1.0243062,7.6894684,552,7
15.298789,1.0581943,7.6620293,552,7
15.299524,1.0576777,7.662257,552,7
15.295842,1.0521622,7.665809,552,7
17.648254,3.903752,16.377766,552,8
17.646883,3.9051206,16.379124,552,8
17.64749,3.9045212,16.378506,552,8
17.61208,3.9399705,16.413977,552,8
17.648092,3.9039702,16.377935,552,8
17.651163,3.9008553,16.374798,552,8
17.656868,3.8951092,16.36895,552,8
-3.2356815,-0.45528114,0.13638583,554,1
-3.2341473,-0.4553695,0.13573176,554,1
-3.2359915,-0.45556322,0.1364192,554,1
-3.236666,-0.45588872,0.13688406,554,1
-3.227007,-0.451278,0.13329472,554,1
-3.2363641,-0.45575503,0.13684665,554,1
11.710543,-2.8120403,-6.578637,554,2
11.708879,-2.8116968,-6.577397,554,2
11.702868,-2.804044,-6.5705333,554,2
11.710426,-2.811779,-6.5784674,554,2
11.717675,-2.8173745,-6.5857387,554,2
11.71122,-2.8123407,-6.579264,554,2
15.847373,-8.547696,11.877627,554,3
15.84865,-8.54917,11.878868,554,3
15.847264,-8.547598,11.877517,554,3
15.847267,-8.547589,11.877521,554,3
15.847073,-8.54739,11.877355,554,3
15.848423,-8.548492,11.878864,554,3
4.481266,-2.347643,3.2098093,554,5
4.496897,-2.3645954,3.2290745,554,5
4.497321,-2.3668785,3.228274,554,5
4.481793,-2.380622,3.2056198,554,5
4.5127416,-2.3523016,3.2467933,554,5
4.4969244,-2.3639536,3.2288208,554,5
4.49744,-2.3659065,3.2299964,554,5
2.8662772,6.6118283,-1.1819679,554,6
2.8774154,6.612135,-1.1969855,554,6
2.867516,6.6101174,-1.1825491,554,6
2.8618863,6.6045356,-1.1737036,554,6
2.8602152,6.6090465,-1.1724927,554,6
2.8690333,6.608293,-1.183976,554,6
7.7531333,-1.9096019,-3.6099768,554,7
7.7525826,-1.9053334,-3.6092556,554,7
7.7535977,-1.9079508,-3.6092951,554,7
7.75261,-1.9185761,-3.6112335,554,7
7.7547135,-1.9112606,-3.6082308,554,7
7.7536426,-1.9047803,-3.6088402,554,7
-1.7632383,-5.065685,-1.1414921,554,8
-1.7623508,-5.0659018,-1.1396167,554,8
-1.762694,-5.0659657,-1.142959,554,8
-1.7732065,-5.0785937,-1.1374402,554,8
-1.7586435,-5.0655084,-1.1530468,554,8
-1.767527,-5.0679107,-1.1417092,554,8
12.66965,1.9836276,3.163933,556,1
12.669614,1.9854949,3.1629972,556,1
12.666509,1.9881493,3.1428154,556,1
12.666448,1.9886132,3.1432276,556,1
12.6620455,1.986442,3.122806,556,1
12.666809,1.9878393,3.1444514,556,1
12.666842,1.9878048,3.1444864,556,1
8.997382,3.2704988,-0.8371497,556,2
8.998046,3.2681983,-0.83693,556,2
9.009732,3.2626455,-0.8252757,556,2
9.012869,3.2565982,-0.82029784,556,2
8.997711,3.2779999,-0.8354622,556,2
8.994571,3.2752156,-0.83837277,556,2
3.816155,13.608327,9.310762,556,3
3.81115,13.62107,9.316299,556,3
3.8156583,13.609757,9.310968,556,3
3.8129966,13.620564,9.312715,556,3
3.8155675,13.609848,9.31099,556,3
3.8160038,13.608958,9.310034,556,3
-5.9671106,-0.276807,-6.303753,556,4
-5.9670897,-0.27679548,-6.3037333,556,4
-5.9671016,-0.27678972,-6.303743,556,4
-5.9671025,-0.2768052,-6.3037314,556,4
-5.9670925,-0.27679533,-6.3037376,556,4
-5.9670897,-0.27679968,-6.3037424,556,4
18.70969,-0.9206683,4.9054203,556,5
18.71059,-0.9190377,4.9048433,556,5
18.71069,-0.9177818,4.904801,556,5
18.72933,-0.8956104,4.8890567,556,5
18.710176,-0.91845983,4.9052324,556,5
18.715088,-0.9037673,4.9028287,556,5
18.7118,-0.9151016,4.9038854,556,5
7.7772813,4.87748,-4.7551036,556,6
7.7624965,4.8679934,-4.74765,556,6
7.783223,4.8811083,-4.7598376,556,6
7.792576,4.894858,-4.7759957,556,6
7.789872,4.888543,-4.768657,556,6
7.783494,4.8864603,-4.7641344,556,6
8.054259,5.0330224,-4.8684025,556,7
8.057745,5.0286884,-4.860166,556,7
8.030126,5.0142937,-4.8514776,556,7
8.045476,5.0223403,-4.8568645,556,7
8.014695,4.998206,-4.835116,556,7
8.035692,5.015069,-4.8503475,556,7
1.7203377,-15.052227,6.36778,556,8
1.7203404,-15.052295,6.3677645,556,8
1.7203459,-15.052239,6.3677826,556,8
1.7202729,-15.052008,6.367903,556,8
1.7203568,-15.05238,6.367719,556,8
1.7202345,-15.051912,6.367978,556,8
8.862259,3.887264,-0.9430201,558,1
8.858548,3.8875716,-0.93629766,558,1
8.856339,3.8910756,-0.9393863,558,1
8.861435,3.879711,-0.9395172,558,1
8.873353,3.875631,-0.95360684,558,1
8.876339,3.8758056,-0.954667,558,1
8.858256,3.8807945,-0.9385492,558,1
2.6556227,-5.7354307,3.7152667,558,2
2.6558132,-5.7354884,3.7140045,558,2
2.658559,-5.7325397,3.7019017,558,2
2.6455479,-5.7443695,3.7116847,558,2
2.6569679,-5.735232,3.7170281,558,2
2.654372,-5.7355404,3.7152016,558,2
10.65564,9.679652,-4.140315,558,3
10.655665,9.679911,-4.1402574,558,3
10.655731,9.680008,-4.1402507,558,3
10.65568,9.680236,-4.1402354,558,3
10.655718,9.680008,-4.1402745,558,3
10.655605,9.680029,-4.1403594,558,3
13.796631,2.1387172,5.360921,558,4
13.783421,2.1318772,5.357632,558,4
13.797438,2.1386528,5.357806,558,4
13.792464,2.1378224,5.357034,558,4
13.786573,2.1362195,5.3508186,558,4
13.781933,2.135301,5.3480763,558,4
9.833624,-8.176114,8.928282,558,5
9.832433,-8.174742,8.929693,558,5
9.860794,-8.206051,8.95248,558,5
9.84261,-8.187347,8.936208,558,5
9.836617,-8.179886,8.932993,558,5
9.833164,-8.178071,8.925895,558,5
9.848779,-8.194431,8.940782,558,5
10.555767,1.7401166,-5.3063593,558,6
10.555945,1.7383499,-5.3069754,558,6
10.55611,1.7375516,-5.3072677,558,6
10.5547495,1.7375681,-5.3059587,558,6
10.549773,1.7344124,-5.3005323,558,6
10.555414,1.737808,-5.306217,558,6
12.423429,1.3943449,4.885318,558,7
12.445639,1.4153738,4.8886147,558,7
12.427315,1.3980263,4.8862653,558,7
12.420001,1.3920728,4.886637,558,7
12.424391,1.3960434,4.8865976,558,7
12.416845,1.3908445,4.8889375,558,7
9.559113,-7.859475,8.776394,558,8
9.565638,-7.8679266,8.782475,558,8
9.566793,-7.869135,8.778924,558,8
9.581665,-7.8885713,8.786306,558,8
9.5794,-7.883786,8.783736,558,8
9.5988,-7.9008675,8.795631,558,8
7.978911,4.3796062,-8.468967,560,1
7.978915,4.379617,-8.468869,560,1
7.978917,4.3795643,-8.46893,560,1
7.9789047,4.3791494,-8.468918,560,1
7.978949,4.3795094,-8.468908,560,1
7.9788575,4.378835,-8.468957,560,1
7.9788914,4.379538,-8.4689455,560,1
-5.1590905,9.401115,3.5147932,560,2
-5.1596828,9.401665,3.5154629,560,2
-5.145098,9.38716,3.5010216,560,2
-5.1410894,9.383153,3.4968936,560,2
-5.166805,9.408636,3.5223372,560,2
-5.146788,9.388694,3.5025208,560,2
17.105108,5.695286,9.4496355,560,3
17.10755,5.695174,9.448262,560,3
17.106813,5.695332,9.449093,560,3
17.103863,5.697293,9.456526,560,3
17.106382,5.6951337,9.4486065,560,3
17.10745,5.6951394,9.448138,560,3
1.6545532,-7.301854,9.626564,560,5
1.6517563,-7.3015246,9.627829,560,5
1.6520962,-7.301513,9.6275625,560,5
1.6519991,-7.301564,9.627791,560,5
1.6526415,-7.3015046,9.627584,560,5
1.6534883,-7.3015337,9.626819,560,5
-5.269903,9.509038,3.620924,560,6
-5.269823,9.50834,3.6200671,560,6
-5.2730002,9.512085,3.6239429,560,6
-5.277718,9.51681,3.6286685,560,6
-5.2752967,9.514516,3.6263552,560,6
-5.2764816,9.515693,3.6275907,560,6
-5.272199,9.511338,3.6232457,560,6
-0.6173611,13.166352,-1.3340333,560,7
-0.61733925,13.166285,-1.3339822,560,7
-0.61733985,13.166283,-1.3339816,560,7
-0.61733687,13.166289,-1.333981,560,7
-0.617233,13.166073,-1.3338562,560,7
-0.6174403,13.166391,-1.3340099,560,7
10.264697,7.1783543,16.726074,560,8
10.264184,7.178453,16.726585,560,8
10.264747,7.1783442,16.726099,560,8
10.264243,7.1784787,16.726595,560,8
10.2642,7.178427,16.726616,560,8
10.264202,7.1784363,16.726608,560,8
8.915546,4.132904,-1.1973519,562,1
8.9112015,4.11832,-1.180802,562,1
8.917112,4.1330314,-1.199904,562,1
8.921629,4.1188765,-1.1975129,562,1
8.915293,4.12371,-1.1894335,562,1
8.917121,4.120143,-1.1873733,562,1
-1.1737235,0.38324976,4.9704432,562,3
-1.1739551,0.38362765,4.970258,562,3
-1.1735443,0.38350773,4.9702234,562,3
-1.1740844,0.38360593,4.970339,562,3
-1.1759099,0.38365713,4.970531,562,3
-1.1739157,0.38354108,4.9704733,562,3
-1.1739808,0.3835545,4.970442,562,3
8.624838,4.0053754,-0.751033,562,5
8.597468,4.0166774,-0.72447944,562,5
8.585419,4.0300517,-0.7187149,562,5
8.63445,4.004083,-0.7656305,562,5
8.603998,4.0163484,-0.73330456,562,5
8.595254,4.020604,-0.72539294,562,5
1.7561781,5.985925,4.6194553,564,1
1.7880125,6.013191,4.563447,564,1
1.7359002,6.0099325,4.5900226,564,1
1.7748944,5.9620557,4.6501665,564,1
1.752869,5.993345,4.6056666,564,1
1.7554194,5.990045,4.6122637,564,1
1.5647062,6.268885,4.18464,564,2
1.5803263,6.2513576,4.203566,564,2
1.580969,6.248681,4.205003,564,2
1.5817406,6.2479777,4.20549,564,2
1.5845428,6.2437186,4.2110686,564,2
1.5894539,6.2392364,4.21392,564,2
-1.6370583,-2.0835104,-9.137496,564,4
-1.6376032,-2.0836937,-9.13791,564,4
-1.6375874,-2.083599,-9.137697,564,4
-1.6375943,-2.08356,-9.13763,564,4
-1.6352009,-2.0814846,-9.133221,564,4
-1.6375374,-2.083555,-9.137611,564,4
-1.6375238,-2.0835216,-9.137542,564,4
6.020927,-3.5031111,-4.346596,564,5
6.0225344,-3.5030277,-4.3469105,564,5
6.020657,-3.5018203,-4.347841,564,5
6.023116,-3.5024257,-4.349419,564,5
6.0272346,-3.504422,-4.3530946,564,5
6.024569,-3.5143852,-4.341352,564,5
1.3342642,-12.262612,1.9794493,564,6
1.3240203,-12.272516,1.9897186,564,6
1.3306884,-12.267928,1.9830375,564,6
1.3232607,-12.27345,1.990533,564,6
1.3057368,-12.290822,2.0080066,564,6
1.2892516,-12.306208,2.0246131,564,6
1.1581717,-12.398566,2.1557977,564,7
1.2340391,-12.348801,2.079427,564,7
1.2494922,-12.3327875,2.0639336,564,7
1.2533432,-12.330566,2.0600872,564,7
1.2512908,-12.331849,2.0621378,564,7
1.2561213,-12.3274145,2.057313,564,7
11.9298315,-0.45808142,10.65758,564,8
11.926567,-0.45805773,10.655705,564,8
11.92851,-0.45790058,10.657242,564,8
11.928799,-0.4578919,10.657117,564,8
11.928346,-0.4579511,10.65711,564,8
11.928285,-0.45789117,10.6571045,564,8
11.926333,-0.4577217,10.656034,564,8
3.2337759,8.945304,7.47284,566,1
3.2229154,8.956299,7.4648023,566,1
3.2343345,8.946898,7.471435,566,1
3.2339246,8.946836,7.4714174,566,1
3.2345598,8.945543,7.472539,566,1
3.2339673,8.946764,7.4714694,566,1
1.7997752,-0.5032864,-0.56392604,566,2
1.7889571,-0.4900409,-0.57114464,566,2
1.7869657,-0.4866312,-0.5737936,566,2
1.760588,-0.43843907,-0.5967177,566,2
1.767108,-0.46115655,-0.57770085,566,2
1.779744,-0.4769151,-0.5762669,566,2
5.842208,8.176533,-4.24733,566,3
5.846024,8.178405,-4.251028,566,3
5.8511643,8.18089,-4.256199,566,3
5.842626,8.176343,-4.2477937,566,3
5.845335,8.177844,-4.2504487,566,3
5.864155,8.193382,-4.2690396,566,3
4.7862744,-4.4390097,1.5536755,566,4
4.7699533,-4.4296355,1.5619127,566,4
4.7719383,-4.4254193,1.5681661,566,4
4.789212,-4.442577,1.5510257,566,4
4.786436,-4.4423604,1.5520823,566,4
4.788332,-4.441605,1.5516007,566,4
4.783356,-4.435056,1.5551273,566,4
4.9750447,-2.0990927,2.0165133,566,5
4.9629607,-2.0849085,2.0132303,566,5
4.9815817,-2.1061447,2.0095272,566,5
4.971127,-2.1013298,2.020595,566,5
4.9758053,-2.0990684,2.015621,566,5
4.9758167,-2.0995257,2.0148673,566,5
2.138604,-0.99835014,-0.44861245,566,6
2.1658773,-1.0067589,-0.44189933,566,6
2.1420417,-0.9909385,-0.4531705,566,6
2.1509418,-1.0014468,-0.46097386,566,6
2.1512494,-1.0004768,-0.45363173,566,6
2.154472,-1.0125456,-0.44438934,566,6
4.7606616,-1.8734219,2.4791436,566,7
4.743318,-1.8800532,2.4769347,566,7
4.754279,-1.8720448,2.4772599,566,7
4.751283,-1.8689193,2.473989,566,7
4.7568536,-1.9057888,2.5199838,566,7
4.7533937,-1.8974047,2.5050874,566,7
4.1122518,10.453983,6.4845505,566,8
4.1138067,10.455151,6.483756,566,8
4.104986,10.448029,6.4872704,566,8
4.118632,10.453983,6.4789333,566,8
4.108597,10.4528675,6.4875464,566,8
4.111934,10.454518,6.4848294,566,8
4.1117,10.453919,6.485168,566,8
2.405189,6.5013204,6.1305366,568,1
2.3569076,6.4536433,6.085842,568,1
2.3736916,6.4712,6.098755,568,1
2.3930516,6.4892864,6.1185822,568,1
2.3922977,6.4895973,6.117629,568,1
2.386758,6.4850717,6.110036,568,1
-9.334685,0.39213204,4.2535586,568,5
-9.334662,0.39213198,4.2535458,568,5
-9.334672,0.39213207,4.2535553,568,5
-9.334658,0.3921181,4.2535434,568,5
-9.334662,0.39212918,4.2535696,568,5
-9.334662,0.3921285,4.25355,568,5
7.196451,-3.4184635,-4.3303714,568,6
7.239257,-3.3823621,-4.285469,568,6
7.199911,-3.4169796,-4.329827,568,6
7.1680326,-3.4275012,-4.3656554,568,6
7.1628156,-3.4289582,-4.3717885,568,6
7.202109,-3.4061017,-4.3255415,568,6
4.3499684,-1.9794979,9.355602,570,1
4.356054,-1.9828398,9.359987,570,1
4.34813,-1.9801307,9.353526,570,1
4.3476152,-1.9824525,9.35439,570,1
4.3405285,-1.9646777,9.343276,570,1
4.427507,-1.9250983,9.391766,570,1
4.351857,-1.965913,9.350584,570,1
1.3092397,-6.299252,1.0732071,570,2
1.306758,-6.285792,1.0763777,570,2
1.2962002,-6.2992306,1.0885491,570,2
1.3136697,-6.2761445,1.0680513,570,2
1.3499432,-6.2937393,1.0288173,570,2
1.312679,-6.2749224,1.0691432,570,2
4.725874,2.7190764,9.182537,570,4
4.712927,2.7401135,9.160815,570,4
4.7544913,2.6626997,9.233896,570,4
4.7581754,2.6563113,9.239823,570,4
4.7358165,2.681383,9.214862,570,4
4.757964,2.6654873,9.231511,570,4
19.254427,-1.2925339,-1.2548871,570,5
19.257002,-1.2953013,-1.2576807,570,5
19.256233,-1.2946934,-1.257193,570,5
19.268745,-1.3094559,-1.2709383,570,5
19.257807,-1.296105,-1.2584426,570,5
19.257225,-1.295556,-1.2578458,570,5
0.78954536,-12.508341,2.5292878,570,6
0.79438734,-12.503725,2.5243864,570,6
0.79452485,-12.505277,2.5242462,570,6
0.80393714,-12.490534,2.5149076,570,6
0.78607345,-12.508881,2.5326643,570,6
0.77875954,-12.5179825,2.5400739,570,6
0.7848723,-12.510485,2.5340087,570,6
-1.5649132,3.4094813,-1.5316472,570,7
-1.5774397,3.413638,-1.5237228,570,7
-1.5553048,3.4064713,-1.5376983,570,7
-1.5644346,3.4094005,-1.5320501,570,7
-1.577309,3.4135635,-1.5238321,570,7
-1.5729222,3.412066,-1.5257294,570,7
-1.9569087,3.527617,-1.2886542,570,8
-1.980955,3.5455544,-1.2676723,570,8
-1.9642904,3.537547,-1.2841595,570,8
-1.9726275,3.543404,-1.2729301,570,8
-1.9728875,3.543748,-1.2725263,570,8
-1.9726135,3.5434625,-1.2724224,570,8
-5.917864,3.125121,-0.3949982,572,1
-5.9141645,3.1322694,-0.39242074,572,1
-5.9139867,3.1325233,-0.39304307,572,1
-5.913513,3.1338887,-0.39250696,572,1
-5.9153056,3.1303356,-0.3935714,572,1
-5.923311,3.1198857,-0.39750028,572,1
10.666787,-3.7955868,2.978951,572,2
10.667894,-3.7985997,2.9783046,572,2
10.672294,-3.791574,2.9718032,572,2
10.686608,-3.7937465,2.9551382,572,2
10.6851425,-3.8138583,2.9652927,572,2
10.672977,-3.7879202,2.970913,572,2
10.695565,-3.8034213,2.945946,572,2
7.168151,3.345879,8.949896,572,3
7.210108,3.38811,8.901974,572,3
7.2202015,3.40211,8.88144,572,3
7.2182226,3.3996038,8.883939,572,3
7.2170706,3.3979561,8.890854,572,3
7.2139173,3.3922377,8.894201,572,3
7.2872086,3.8489804,9.451687,572,4
7.281611,3.8446746,9.463234,572,4
7.27971,3.8425384,9.462954,572,4
7.2936845,3.868491,9.453018,572,4
7.2655225,3.8255734,9.479879,572,4
7.2883615,3.8662982,9.45322,572,4
7.226397,3.272292,9.691223,572,5
7.2343674,3.2850983,9.677567,572,5
7.2418704,3.2903657,9.654077,572,5
7.22674,3.27469,9.684563,572,5
7.242424,3.2838054,9.68623,572,5
7.226271,3.2427413,9.699723,572,5
7.204111,3.227139,9.759698,572,6
7.2120476,3.2433534,9.748417,572,6
7.1965165,3.221806,9.728738,572,6
7.2156944,3.2488286,9.745856,572,6
7.2024035,3.2342455,9.758666,572,6
7.214059,3.2485354,9.749693,572,6
7.213365,3.2463317,9.746925,572,6
-5.4683704,3.9209466,-0.032648306,572,7
-5.4619913,3.9314656,-0.046116713,572,7
-5.4659276,3.933023,-0.038281485,572,7
-5.464493,3.9296134,-0.030098785,572,7
-5.478991,3.9456449,-0.025164383,572,7
-5.465624,3.9339602,-0.032516807,572,7
-3.298942,-1.531229,-2.8038154,572,8
-3.297082,-1.523631,-2.8022232,572,8
-3.2989156,-1.531059,-2.8037555,572,8
-3.2994509,-1.530305,-2.8023434,572,8
-3.2991943,-1.5320827,-2.8046868,572,8
-3.2989967,-1.5314515,-2.8040218,572,8
11.501117,-3.0824578,1.8062497,574,1
11.496115,-3.0710847,1.7940152,574,1
11.491909,-3.086343,1.8094301,574,1
11.493878,-3.0690856,1.7902131,574,1
11.508772,-3.0546706,1.7760183,574,1
11.516565,-3.0674965,1.7850059,574,1
6.7442946,6.644891,-1.3687968,574,2
6.780927,6.661838,-1.4037677,574,2
6.764601,6.6650467,-1.3902022,574,2
6.767909,6.672554,-1.3966649,574,2
6.7536535,6.675972,-1.3790865,574,2
6.76479,6.666278,-1.3907696,574,2
6.764281,6.664504,-1.3895853,574,2
10.626125,-5.099981,3.2779913,574,3
10.616053,-5.097288,3.242895,574,3
10.63316,-5.083477,3.2648132,574,3
10.656246,-5.033399,3.268921,574,3
10.638904,-5.0498557,3.2527034,574,3
10.633001,-5.072336,3.2608702,574,3
-0.3078087,0.9582714,12.484007,574,4
-0.3080246,0.95831984,12.484146,574,4
-0.30717805,0.957897,12.483482,574,4
-0.30784625,0.9582113,12.48396,574,4
-0.30772668,0.9582071,12.4838505,574,4
-0.30804425,0.95837754,12.4840555,574,4
11.736117,-2.963731,1.645476,574,5
11.740651,-2.9703155,1.6520174,574,5
11.735201,-2.9661038,1.6481097,574,5
11.730951,-2.9680562,1.6508328,574,5
11.731107,-2.9680693,1.6506683,574,5
11.718515,-2.963605,1.6472446,574,5
10.584939,-5.305497,3.3953528,574,6
10.604114,-5.3374734,3.43024,574,6
10.590788,-5.311705,3.4029224,574,6
10.591543,-5.319891,3.4105449,574,6
10.588211,-5.3133974,3.4029918,574,6
10.579233,-5.3243017,3.4047735,574,6
10.589016,-5.307366,3.399128,574,6
11.516562,-2.7940452,1.483504,574,8
11.512652,-2.8124955,1.5045155,574,8
11.521703,-2.8222933,1.5139912,574,8
11.511386,-2.8192463,1.5120114,574,8
11.527579,-2.81053,1.5015961,574,8
11.517391,-2.8163123,1.5083462,574,8
11.121318,7.7679954,5.2792997,576,1
11.095411,7.7794657,5.309988,576,1
11.101212,7.77437,5.3050866,576,1
11.101385,7.7745104,5.3048606,576,1
11.099484,7.7754526,5.306216,576,1
11.094838,7.779429,5.3120294,576,1
7.9825873,4.9690313,8.757661,576,2
7.979414,4.96196,8.762704,576,2
7.9788303,4.961818,8.761571,576,2
7.9628506,4.941092,8.780417,576,2
7.98341,4.952005,8.760071,576,2
7.9713387,4.9466615,8.765446,576,2
11.159143,6.7608294,-3.3706036,576,3
11.169062,6.7730384,-3.3824074,576,3
11.162372,6.766079,-3.375773,576,3
11.1619625,6.7650294,-3.3733718,576,3
11.16297,6.766728,-3.375536,576,3
11.1715,6.777517,-3.3831756,576,3
11.170641,6.7749224,-3.3838382,576,3
7.413296,3.6604857,8.707927,576,4
7.400467,3.648956,8.68159,576,4
7.399927,3.640262,8.707427,576,4
7.3968167,3.6299324,8.710689,576,4
7.3984656,3.637478,8.710004,576,4
7.3950577,3.6335497,8.708662,576,4
10.961683,7.8891196,5.426969,576,5
10.967965,7.8854437,5.421137,576,5
10.971872,7.8792505,5.4165425,576,5
10.96574,7.8841248,5.4220595,576,5
10.963927,7.885429,5.4235783,576,5
10.963099,7.885358,5.4235573,576,5
7.835491,4.383123,9.044006,576,6
7.8343368,4.373555,9.052791,576,6
7.8349094,4.3809547,9.052107,576,6
7.810783,4.3502955,9.068821,576,6
7.815952,4.3578053,9.06657,576,6
7.822297,4.368041,9.072591,576,6
2.0999117,-8.960687,-7.4355607,576,7
2.0998678,-8.960536,-7.4353395,576,7
2.0990484,-8.956245,-7.429279,576,7
2.0999463,-8.96124,-7.436389,576,7
2.0999336,-8.961174,-7.436261,576,7
2.0999675,-8.961358,-7.436561,576,7
2.0999293,-8.961175,-7.4362197,576,7
11.094526,7.11769,-4.5573783,578,1
11.094956,7.1179466,-4.557819,578,1
11.094879,7.1176734,-4.557721,578,1
11.094807,7.1177006,-4.5575895,578,1
11.094796,7.1177206,-4.557612,578,1
11.094197,7.1164975,-4.5578413,578,1
9.109337,-6.982716,9.166963,578,2
9.105697,-6.9740453,9.171812,578,2
9.103346,-6.9662914,9.174696,578,2
9.103428,-6.9662104,9.174545,578,2
9.099168,-6.9677925,9.178118,578,2
9.097177,-6.9682994,9.179642,578,2
12.732032,-4.7534356,15.438481,578,3
12.732255,-4.7527885,15.43813,578,3
12.73207,-4.753332,15.438474,578,3
12.732353,-4.7529426,15.438517,578,3
12.732241,-4.7530103,15.438357,578,3
12.732061,-4.7533107,15.438456,578,3
-5.768525,5.745025,10.044487,578,4
-5.774529,5.7512865,10.0401745,578,4
-5.7764664,5.753199,10.03863,578,4
-5.774874,5.7515483,10.039829,578,4
-5.755368,5.7317924,10.0544615,578,4
-5.7760386,5.7527256,10.038835,578,4
-5.790831,5.767564,10.024111,578,4
16.47268,7.631576,8.404452,578,5
16.47252,7.631465,8.4045725,578,5
16.47261,7.6318655,8.404325,578,5
16.4728,7.631863,8.404429,578,5
16.47287,7.6318007,8.404417,578,5
16.472736,7.6321726,8.404317,578,5
-0.09323019,7.186538,15.389495,578,6
-0.10768818,7.199202,15.387808,578,6
-0.0875219,7.1812253,15.390617,578,6
-0.08987018,7.1816273,15.389528,578,6
-0.089880034,7.1815643,15.389508,578,6
-0.08965044,7.1812935,15.389492,578,6
1.3153536,-2.9674008,20.965858,578,7
1.3095225,-2.9629061,20.973095,578,7
1.3029311,-2.957156,20.980806,578,7
1.3175309,-2.9693449,20.96377,578,7
1.3297691,-2.981199,20.951157,578,7
1.309944,-2.962934,20.972721,578,7
-3.1048973,1.5051649,14.480761,578,8
-3.105223,1.5055616,14.481314,578,8
-3.1050978,1.5052665,14.480734,578,8
-3.1037464,1.5006994,14.477896,578,8
-3.108017,1.5087824,14.483567,578,8
-3.1168551,1.5173001,14.492582,578,8
-3.1062286,1.506414,14.481468,578,8
9.357042,1.0696793,9.677931,580,1
9.353605,1.0747124,9.673823,580,1
9.341164,1.0807356,9.679111,580,1
9.348497,1.0834423,9.674516,580,1
9.325431,1.1063352,9.697017,580,1
9.356094,1.0658895,9.681096,580,1
7.906445,-0.87761164,8.458684,580,2
7.8611093,-0.9537825,8.455241,580,2
7.8756537,-0.95411664,8.437215,580,2
7.862081,-0.97196126,8.457519,580,2
7.8375854,-0.9724454,8.472443,580,2
7.8511567,-0.9579785,8.459719,580,2
15.160792,6.53295,18.0904,580,3
15.160727,6.532969,18.090414,580,3
15.16081,6.532831,18.09034,580,3
15.160814,6.532878,18.090422,580,3
15.160777,6.5327573,18.090399,580,3
15.160755,6.53297,18.090359,580,3
4.78417,2.8695185,9.045549,580,4
4.7842855,2.875324,9.040153,580,4
4.7838273,2.874354,9.041339,580,4
4.788034,2.8814535,9.034387,580,4
4.792123,2.8976693,9.019267,580,4
4.7927995,2.8812973,9.030427,580,4
4.7889314,2.891483,9.02417,580,4
13.386259,-2.297922,4.5339255,580,5
13.385709,-2.2973347,4.534622,580,5
13.386513,-2.2976131,4.5339537,580,5
13.386164,-2.2978761,4.5338144,580,5
13.385377,-2.2981727,4.533623,580,5
13.3856125,-2.2971075,4.534784,580,5
5.758352,-4.1544504,-3.5530703,580,6
5.7522454,-4.144996,-3.5684133,580,6
5.7443094,-4.137867,-3.5667944,580,6
5.7363033,-4.1258945,-3.5695007,580,6
5.7422247,-4.140263,-3.5644379,580,6
5.7482204,-4.143549,-3.5662675,580,6
5.9659476,-4.4319096,-3.5636315,580,7
5.9620986,-4.417497,-3.564025,580,7
5.965807,-4.42423,-3.5632915,580,7
5.9681234,-4.4281263,-3.562872,580,7
5.9620457,-4.4209213,-3.5633283,580,7
5.965122,-4.423868,-3.5637465,580,7
6.135352,-5.249677,-3.5268395,580,8
6.120956,-5.2320704,-3.52175,580,8
6.119786,-5.232234,-3.5213099,580,8
6.117393,-5.2277164,-3.519384,580,8
6.118169,-5.2305512,-3.51823,580,8
6.109433,-5.2223396,-3.5097623,580,8
6.13308,-5.244921,-3.5057998,580,8
2.4105344,6.507408,6.1344476,582,1
2.3705766,6.466313,6.094469,582,1
2.4019392,6.503903,6.128855,582,1
2.3973975,6.4951544,6.121377,582,1
2.397493,6.4938827,6.120662,582,1
2.4019663,6.498964,6.126265,582,1
2.8769825,2.6300278,9.48915,582,2
2.8736842,2.6307337,9.490375,582,2
2.8807557,2.6307437,9.488444,582,2
2.8815627,2.6304054,9.4878645,582,2
2.8813124,2.631255,9.4884615,582,2
2.887016,2.6321685,9.48689,582,2
4.3881927,-2.224325,2.5786967,582,3
4.39568,-2.2309072,2.5860486,582,3
4.3998637,-2.2261965,2.5835044,582,3
4.4018016,-2.2240548,2.58033,582,3
4.3841486,-2.2198365,2.5814705,582,3
4.394373,-2.22663,2.584247,582,3
-4.90287,5.7531137,4.594433,582,4
-4.8819165,5.733409,4.578271,582,4
-4.900494,5.750812,4.592856,582,4
-4.8959765,5.7478676,4.593279,582,4
-4.882966,5.73361,4.578065,582,4
-4.896508,5.7470202,4.590713,582,4
-4.8972316,5.7480183,4.592228,582,4
2.6694207,1.9317335,8.844799,582,5
2.6715806,1.9337773,8.846645,582,5
2.6742835,1.935792,8.848295,582,5
2.6727352,1.9357663,8.848569,582,5
2.674298,1.9317148,8.846118,582,5
2.6711435,1.9342853,8.847314,582,5
3.5210261,-1.2886665,2.8898907,582,6
3.522246,-1.2869257,2.8877072,582,6
3.5153418,-1.2826204,2.8913033,582,6
3.5177186,-1.2828811,2.8890724,582,6
3.518789,-1.2863293,2.8903656,582,6
3.514219,-1.2826246,2.8928845,582,6
-2.8724,-2.4821765,4.7077794,582,7
-2.885352,-2.4689548,4.6948376,582,7
-2.8696125,-2.4847221,4.710938,582,7
-2.8808815,-2.473134,4.6994915,582,7
-2.873495,-2.480826,4.706832,582,7
-2.8731642,-2.481558,4.7071347,582,7
-2.751524,-2.5951416,4.828846,582,8
-2.7631238,-2.5853577,4.8161864,582,8
-2.7664862,-2.5802958,4.8138585,582,8
-2.7619398,-2.5841303,4.8185754,582,8
-2.7677884,-2.5792677,4.8136725,582,8
-2.7621992,-2.582883,4.8181124,582,8
-2.7600567,-2.5846715,4.820173,582,8
12.740711,1.8575828,3.7153661,584,1
12.750819,1.8615437,3.7212982,584,1
12.752322,1.8650125,3.7081418,584,1
12.773715,1.8835424,3.7114038,584,1
12.783982,1.892651,3.7121542,584,1
12.781359,1.889739,3.7187538,584,1
12.971215,2.0544236,3.7048368,584,2
12.970039,2.0416372,3.7195888,584,2
13.01557,2.0951142,3.6890287,584,2
12.972845,2.0562263,3.7035332,584,2
12.970085,2.0522475,3.7091882,584,2
12.970505,2.0518024,3.7150657,584,2
2.038279,11.092105,4.5989017,584,3
2.0382845,11.092416,4.5988564,584,3
2.040579,11.094414,4.5966225,584,3
2.0383108,11.092529,4.5986633,584,3
2.0382257,11.092508,4.5986648,584,3
2.0377007,11.0916605,4.5993176,584,3
5.3655987,4.000565,4.2722974,584,4
5.36562,4.0004363,4.272442,584,4
5.3656583,4.000529,4.2721763,584,4
5.365601,4.0006027,4.2723417,584,4
5.3656335,4.0004716,4.2721314,584,4
5.3656282,4.0004177,4.272732,584,4
5.3657193,4.000369,4.2728634,584,4
8.126649,-7.924317,12.268243,584,5
8.125838,-7.924734,12.269001,584,5
8.126507,-7.924492,12.268619,584,5
8.140443,-7.9107904,12.254528,584,5
8.153491,-7.89795,12.241336,584,5
8.128665,-7.9225364,12.26624,584,5
2.6335056,6.5789027,-0.8434596,584,6
2.6189005,6.5636854,-0.8193941,584,6
2.6274927,6.56567,-0.8274039,584,6
2.6140099,6.5660877,-0.8142405,584,6
2.6207588,6.5631533,-0.8234395,584,6
2.5993001,6.5646544,-0.8005725,584,6
9.438697,-4.8139644,-7.0788174,584,7
9.413049,-4.8365335,-7.05417,584,7
9.439096,-4.81334,-7.0790343,584,7
9.439503,-4.810277,-7.082382,584,7
9.439901,-4.81539,-7.0790524,584,7
9.440735,-4.8112473,-7.08005,584,7
15.852519,11.85903,6.9972987,584,8
15.852562,11.8591,6.9972844,584,8
15.8739395,11.880408,6.9759445,584,8
15.853462,11.860021,6.996805,584,8
15.852688,11.859288,6.9972324,584,8
15.8521185,11.858644,6.9978013,584,8
15.852149,11.858661,6.997782,584,8
13.125515,2.0148876,5.000592,586,1
13.135569,1.9983156,4.983678,586,1
13.11937,2.0132048,4.999206,586,1
13.115437,2.0066829,4.9887185,586,1
13.092444,2.0403235,5.0553303,586,1
13.0810585,2.0481014,5.0587897,586,1
8.95307,3.345448,-0.8815664,586,2
8.949846,3.3395517,-0.88265395,586,2
8.941981,3.3496814,-0.8917889,586,2
8.950252,3.3451788,-0.8823037,586,2
8.9390545,3.3530014,-0.8935517,586,2
8.947281,3.3706172,-0.8859771,586,2
14.943913,2.3142803,5.9620914,586,3
14.949082,2.3204691,5.9573717,586,3
14.94327,2.3190992,5.96013,586,3
14.941849,2.321928,5.947216,586,3
14.945486,2.314475,5.9631515,586,3
14.949122,2.3214455,5.957884,586,3
6.117994,-9.292633,-2.6090503,586,4
6.1174707,-9.292312,-2.6090882,586,4
6.1179543,-9.292598,-2.6090631,586,4
6.1179466,-9.292541,-2.6090677,586,4
6.117922,-9.292552,-2.609045,586,4
6.1178865,-9.292572,-2.6090465,586,4
6.11792,-9.292596,-2.6090386,586,4
14.637653,1.5737469,6.4483094,586,5
14.63911,1.5474509,6.4478436,586,5
14.609297,1.5515114,6.4207544,586,5
14.631446,1.5846121,6.442433,586,5
14.6235895,1.5591769,6.432405,586,5
14.621913,1.5550491,6.428744,586,5
12.99505,2.1477845,5.3549547,586,6
12.987363,2.16464,5.3939357,586,6
13.017665,2.1315744,5.334096,586,6
13.003056,2.1538239,5.362553,586,6
13.027987,2.1379454,5.377878,586,6
13.004154,2.1495738,5.3566775,586,6
11.247557,1.1545131,-1.9098523,586,7
11.279288,1.1370189,-1.9030204,586,7
11.2510805,1.1315846,-1.8791513,586,7
11.272963,1.1310436,-1.8859715,586,7
11.263018,1.1471064,-1.8914245,586,7
11.271384,1.166974,-1.907436,586,7
14.760862,2.2571523,6.7164235,586,8
14.796962,2.2929273,6.7482862,586,8
14.800698,2.2982514,6.752876,586,8
14.80264,2.2973266,6.7517233,586,8
14.800837,2.2941186,6.751996,586,8
14.813305,2.3137822,6.7670746,586,8
14.799243,2.2929113,6.7522187,586,8
2.9861863,3.9764924,15.375579,588,1
2.9839096,3.9790075,15.37775,588,1
2.9589472,4.003826,15.402487,588,1
2.9813898,3.9805994,15.379923,588,1
2.9821575,3.979676,15.379351,588,1
2.9864554,3.9756172,15.375009,588,1
10.998571,-3.6880198,2.5472312,588,2
11.006233,-3.6932933,2.5390859,588,2
10.985208,-3.6989458,2.5652695,588,2
10.980424,-3.6950004,2.5716453,588,2
10.969631,-3.70511,2.5863695,588,2
10.979234,-3.6966858,2.5730164,588,2
7.6215863,-1.580063,7.9034243,588,3
7.620813,-1.5657856,7.8866377,588,3
7.5969863,-1.5727679,7.90635,588,3
7.5996203,-1.5730226,7.899034,588,3
7.60192,-1.5707647,7.9066424,588,3
7.603317,-1.572726,7.9050055,588,3
7.977894,-1.3027424,8.214451,588,4
7.969393,-1.3146968,8.197723,588,4
7.978419,-1.3387204,8.181746,588,4
7.9686875,-1.2887334,8.214675,588,4
7.9547396,-1.2930356,8.208994,588,4
7.9726434,-1.2818552,8.219209,588,4
8.006942,-1.2446226,8.239056,588,4
5.7915835,-1.3066189,8.393018,588,5
5.792611,-1.3084598,8.386304,588,5
5.787976,-1.3086677,8.388997,588,5
5.788645,-1.3085476,8.389611,588,5
5.7879276,-1.3084207,8.389594,588,5
5.7900434,-1.308817,8.388184,588,5
8.03306,-1.6646457,6.699806,588,6
8.070736,-1.6464915,6.675289,588,6
8.036868,-1.6418083,6.7066693,588,6
8.0265255,-1.628082,6.7256536,588,6
8.040421,-1.6403475,6.7042875,588,6
8.038077,-1.641495,6.704949,588,6
8.00888,-1.6350362,6.7377954,588,7
8.016602,-1.629554,6.743375,588,7
8.008858,-1.6338098,6.745913,588,7
7.9976964,-1.6201606,6.7582808,588,7
8.019275,-1.6280401,6.740664,588,7
8.0093,-1.6345001,6.7443776,588,7
8.404387,-1.018851,7.2921014,588,8
8.407145,-1.0496826,7.264246,588,8
8.40268,-1.0135641,7.290122,588,8
8.4032955,-1.0112292,7.2920966,588,8
8.396258,-0.9915406,7.318948,588,8
8.369444,-0.9773448,7.329533,588,8
8.402105,-1.011825,7.2913866,588,8
1.7749346,5.69132,5.1589828,590,1
1.7752651,5.699722,5.1464677,590,1
1.7755363,5.6946373,5.155233,590,1
1.7748945,5.695837,5.1517706,590,1
1.7754444,5.6967516,5.152389,590,1
1.7753695,5.703567,5.137758,590,1
1.4652725,-6.1650324,0.8864257,590,2
1.4713833,-6.16321,0.8776423,590,2
1.4560355,-6.1689844,0.89584947,590,2
1.4520317,-6.183561,0.8987984,590,2
1.4563329,-6.1737404,0.89519805,590,2
1.4575717,-6.169482,0.893739,590,2
8.942072,11.292685,10.063466,590,4
8.942057,11.292451,10.06317,590,4
8.941989,11.292736,10.063473,590,4
8.942091,11.2926655,10.063428,590,4
8.942083,11.292632,10.063435,590,4
8.942101,11.292729,10.063478,590,4
9.801832,-2.8175805,-8.304888,590,5
9.800559,-2.8183496,-8.304187,590,5
9.800788,-2.8182101,-8.304317,590,5
9.801298,-2.817633,-8.304261,590,5
9.801874,-2.81742,-8.304806,590,5
9.801931,-2.8173876,-8.304842,590,5
9.801818,-2.8174577,-8.304771,590,5
6.8059335,-3.5631385,-4.8431773,590,6
6.79696,-3.5742505,-4.8455176,590,6
6.7957473,-3.5693874,-4.848602,590,6
6.814982,-3.5583863,-4.827856,590,6
6.835686,-3.5335875,-4.805426,590,6
6.8510866,-3.539871,-4.7862544,590,6
6.7333207,-3.6261337,-4.927267,590,7
6.7400208,-3.6196916,-4.920406,590,7
6.7253084,-3.63369,-4.933048,590,7
6.7622433,-3.6030743,-4.9027214,590,7
6.741863,-3.6095984,-4.906252,590,7
6.748019,-3.6053934,-4.898027,590,7
7.073637,-4.6677394,-7.0786724,590,8
7.07419,-4.668836,-7.077252,590,8
7.0737185,-4.667856,-7.0784655,590,8
7.0735235,-4.6677065,-7.0783143,590,8
7.073734,-4.667679,-7.078614,590,8
7.074886,-4.666341,-7.079452,590,8
9.391799,-6.3616047,4.3581576,592,1
9.407965,-6.3728676,4.343472,592,1
9.394295,-6.367215,4.35276,592,1
9.402141,-6.3703256,4.347226,592,1
9.400746,-6.3690515,4.347776,592,1
9.408899,-6.3728013,4.3419533,592,1
9.397206,-6.3680596,4.351009,592,1
10.801073,-5.632263,3.9535558,592,2
10.795913,-5.6250024,3.9432669,592,2
10.800581,-5.632759,3.9524698,592,2
10.828736,-5.6642876,3.9854367,592,2
10.804688,-5.6363406,3.9564471,592,2
10.802394,-5.635705,3.9574614,592,2
-5.6414533,0.27353287,-2.4579701,592,3
-5.6414256,0.27348214,-2.4580038,592,3
-5.6414447,0.27341923,-2.4580173,592,3
-5.6414566,0.27345747,-2.4579928,592,3
-5.641433,0.27342543,-2.458004,592,3
-5.6414332,0.2734701,-2.4579635,592,3
8.272271,-7.346507,5.0673203,592,5
8.273388,-7.346762,5.0668645,592,5
8.267367,-7.351715,5.07179,592,5
8.276255,-7.345385,5.0648184,592,5
8.271882,-7.3479214,5.067926,592,5
8.271799,-7.348138,5.0678315,592,5
9.880568,-6.567169,4.0089006,592,6
9.868302,-6.5531836,4.0028625,592,6
9.878209,-6.569587,4.010723,592,6
9.870758,-6.5759416,4.019835,592,6
9.9074,-6.5582395,3.98329,592,6
9.88161,-6.5650477,4.0078616,592,6
9.887628,-6.556996,4.003848,592,6
10.680794,-4.5486035,3.227799,592,7
10.669073,-4.5595956,3.238417,592,7
10.679887,-4.5478044,3.2291293,592,7
10.682753,-4.53343,3.2154016,592,7
10.681384,-4.5335064,3.225502,592,7
10.680797,-4.549128,3.2288048,592,7
17.788815,-6.8584538,3.8395422,594,1
17.788834,-6.8592286,3.8399746,594,1
17.78884,-6.8592224,3.839919,594,1
17.788841,-6.859209,3.839903,594,1
17.788836,-6.859168,3.8399134,594,1
17.78883,-6.8591957,3.8399205,594,1
17.580244,-2.1892698,5.349597,594,2
17.617285,-2.1552474,5.313164,594,2
17.592026,-2.1811159,5.3373375,594,2
17.592035,-2.1808438,5.3374085,594,2
17.609493,-2.1761508,5.32198,594,2
17.579466,-2.185974,5.349475,594,2
6.61377,16.0244,4.822248,594,3
6.614317,16.02471,4.8221283,594,3
6.614134,16.024935,4.8221474,594,3
6.5905476,16.012905,4.8192635,594,3
6.614131,16.02493,4.8221326,594,3
6.613961,16.024803,4.822054,594,3
6.6135535,16.024479,4.82205,594,3
18.44225,-3.0611415,5.180857,594,5
18.4383,-3.0651977,5.184487,594,5
18.44128,-3.068292,5.183936,594,5
18.44889,-3.0515084,5.1729817,594,5
18.441462,-3.0708148,5.18461,594,5
18.444569,-3.0626109,5.1798954,594,5
17.855717,-2.0759423,5.0866227,594,6
17.838564,-2.0896494,5.10532,594,6
17.823797,-2.1033583,5.1238246,594,6
17.840439,-2.0764804,5.095575,594,6
17.832668,-2.0836337,5.1058836,594,6
17.84097,-2.0803528,5.097901,594,6
18.501774,-2.7691307,5.0363193,594,7
18.487791,-2.781505,5.048779,594,7
18.504807,-2.7734582,5.036729,594,7
18.502586,-2.7689497,5.0359836,594,7
18.50471,-2.769936,5.0353065,594,7
18.50342,-2.7688713,5.0354834,594,7
4.5413995,6.5270133,14.194842,594,8
4.520325,6.5007796,14.175323,594,8
4.521931,6.503906,14.176399,594,8
4.5217266,6.5036163,14.176302,594,8
4.521755,6.5036845,14.176335,594,8
4.5216846,6.5035686,14.17628,594,8
4.5220523,6.5039425,14.176552,594,8
12.390596,-6.9462104,6.590568,596,1
12.392683,-6.947815,6.5859776,596,1
12.389796,-6.946156,6.591503,596,1
12.398656,-6.9355564,6.582496,596,1
12.395827,-6.939982,6.585837,596,1
12.409527,-6.924983,6.5728264,596,1
-0.06305083,-2.4888892,5.657818,596,2
-0.060837157,-2.4806674,5.655309,596,2
-0.029798845,-2.456443,5.624322,596,2
-0.03331691,-2.4578946,5.627629,596,2
-0.025932765,-2.4545593,5.6205993,596,2
-0.01696623,-2.4500132,5.613395,596,2
1.5720422,-0.9732505,12.523487,596,3
1.583793,-0.9846018,12.5140915,596,3
1.5560129,-0.95661396,12.540653,596,3
1.5641335,-0.96480316,12.533466,596,3
1.5693593,-0.9699304,12.526131,596,3
1.5666196,-0.96729535,12.530603,596,3
12.893258,0.1749032,-7.028049,596,4
12.893135,0.1743764,-7.027971,596,4
12.8931875,0.17481962,-7.0279765,596,4
12.893201,0.17482014,-7.0279627,596,4
12.893227,0.17485602,-7.0279484,596,4
12.893222,0.17475641,-7.027892,596,4
12.893118,0.17484269,-7.0277076,596,4
12.530585,-6.799202,6.454585,596,5
12.527213,-6.803273,6.457581,596,5
12.549958,-6.7800455,6.4355416,596,5
12.524722,-6.8051033,6.460164,596,5
12.534417,-6.7961097,6.450656,596,5
12.537986,-6.7926636,6.4475594,596,5
1.8560743,-1.2472777,12.178571,596,6
1.8539629,-1.2450196,12.181315,596,6
1.8510847,-1.2425948,12.184683,596,6
1.8540666,-1.2452549,12.181226,596,6
1.853872,-1.2451851,12.181327,596,6
1.8579488,-1.2489853,12.176458,596,6
0.118573,-2.3791442,5.491405,596,7
0.08624899,-2.394064,5.5216656,596,7
0.12934765,-2.368833,5.482594,596,7
0.1164109,-2.3810244,5.494962,596,7
0.08696329,-2.392259,5.521684,596,7
0.08580454,-2.3911457,5.5232787,596,7
0.26851204,-2.35729,5.3598866,596,8
0.24002632,-2.3720095,5.3872476,596,8
0.24860781,-2.3616407,5.379119,596,8
0.22313793,-2.3751209,5.40222,596,8
0.25468138,-2.359764,5.372214,596,8
0.24019271,-2.3609028,5.3864293,596,8
0.23733369,-2.3527553,5.389239,596,8
-1.6513616,3.4732304,8.55349,598,1
-1.6574416,3.476435,8.557308,598,1
-1.6573769,3.4766707,8.557542,598,1
-1.6574541,3.4762142,8.557335,598,1
-1.6861366,3.4467468,8.527675,598,1
-1.6578659,3.4757447,8.556687,598,1
-6.554389,1.1242293,14.726939,598,2
-6.5329523,1.1223531,14.725015,598,2
-6.5525827,1.1248963,14.726049,598,2
-6.5577116,1.1212538,14.729854,598,2
-6.5515027,1.1248324,14.726227,598,2
-6.55104,1.1260729,14.724723,598,2
3.422657,-6.08385,0.48963326,598,3
3.4227927,-6.0838785,0.48971784,598,3
3.4226084,-6.0840507,0.48958126,598,3
3.422642,-6.084216,0.4894973,598,3
3.4222524,-6.083372,0.4900663,598,3
3.4223385,-6.083376,0.49017164,598,3
3.2298384,9.303615,-6.628974,598,7
3.2287743,9.324037,-6.649606,598,7
3.2285624,9.325031,-6.650666,598,7
3.228005,9.330873,-6.6565785,598,7
3.228398,9.327201,-6.652914,598,7
3.2284706,9.326542,-6.6522174,598,7
3.2286007,9.326794,-6.6524606,598,7
-0.58424944,3.046309,7.9488463,598,8
-0.5837696,3.0455759,7.948219,598,8
-0.5840955,3.04641,7.9488225,598,8
-0.587291,3.048351,7.9520926,598,8
-0.58390856,3.045748,7.9484024,598,8
-0.5832315,3.0460193,7.9483743,598,8
5.497525,1.4603858,10.200145,600,1
5.504109,1.448518,10.207486,600,1
5.502102,1.457385,10.19705,600,1
5.4955072,1.467925,10.210498,600,1
5.5226107,1.4465961,10.236399,600,1
5.5159917,1.4498606,10.230306,600,1
5.3836193,0.9695032,11.626853,600,2
5.372048,0.96605843,11.637538,600,2
5.3607736,0.9542567,11.649066,600,2
5.3755126,0.96731645,11.633724,600,2
5.3743386,0.96695095,11.635483,600,2
5.375723,0.9670424,11.6336775,600,2
8.627107,-2.8301332,-2.89538,600,3
8.636948,-2.8401399,-2.8846443,600,3
8.631385,-2.8337889,-2.8913388,600,3
8.6302395,-2.8318658,-2.8925657,600,3
8.637241,-2.8451393,-2.8828855,600,3
8.616813,-2.8177311,-2.9057326,600,3
8.617886,-2.8193195,-2.904686,600,3
8.129953,-1.10287,12.718726,600,4
8.130201,-1.1029422,12.719122,600,4
8.129933,-1.1025577,12.718698,600,4
8.129983,-1.1027337,12.718681,600,4
8.130176,-1.1012373,12.71703,600,4
8.1281,-1.0986974,12.714499,600,4
8.036752,-2.703266,-3.3870316,600,5
8.023926,-2.7097769,-3.3992991,600,5
8.04048,-2.6976366,-3.3825574,600,5
8.047122,-2.68741,-3.3757122,600,5
8.0435295,-2.6946833,-3.3795917,600,5
8.036002,-2.6987665,-3.386789,600,5
7.9463754,-2.7672682,-3.4762332,600,6
7.9319663,-2.773051,-3.4875712,600,6
7.9035373,-2.803462,-3.520831,600,6
7.9369264,-2.7792356,-3.483539,600,6
7.9283233,-2.7759106,-3.4934535,600,6
7.9424725,-2.7673619,-3.4802134,600,6
7.050683,0.90125406,10.793135,600,7
7.096194,0.8738155,10.758195,600,7
7.079592,0.89690834,10.782293,600,7
7.061432,0.9068762,10.796125,600,7
7.0782814,0.8921106,10.779117,600,7
7.1329665,0.86391205,10.751378,600,7
7.1205425,0.87529147,10.758324,600,7
5.9656405,1.1141266,10.989363,600,8
5.951266,1.1284183,11.027088,600,8
5.9711967,1.1112278,11.010917,600,8
5.9786835,1.1025466,11.004982,600,8
5.98199,1.1050788,11.00667,600,8
5.9836135,1.1077987,11.005417,600,8
